Year,Title,Link
2024,"IMFC Statement by Christine Lagarde, President of the ECB",https://meetings.imf.org/-/media/AMSM/Files/AM2024/IMFC/ECB.pdf
2024,"IMFC Statement by HE Haitham Al Ghais, Secretary General, OPEC",https://meetings.imf.org/-/media/AMSM/Files/AM2024/IMFC/OPEC.pdf
2024,"IMFC Statement by Ayman Al-Sayari, Governor of the Saudi Central Bank (SAMA)",https://meetings.imf.org/-/media/AMSM/Files/AM2024/IMFC/Saudi.pdf
2024,"IMFC Statement by Antoine Armand, Minister of the Economy, Finance and Industry, France",https://meetings.imf.org/-/media/AMSM/Files/AM2024/IMFC/France.pdf
2024,"IMFC Statement by Luis Caputo, Minister of Economy, Argentina",https://meetings.imf.org/-/media/AMSM/Files/AM2024/IMFC/Argentina.pdf
2024,"IMFC Statement By The Hon. Jim Chalmers, Treasurer, Australia",https://meetings.imf.org/-/media/AMSM/Files/AM2024/IMFC/Australia.pdf
2024,"IMFC Statement by Mathias Cormann, Secretary-General, OECD",https://meetings.imf.org/-/media/AMSM/Files/AM2024/IMFC/OECD.pdf
2024,"IMFC Statement by Carlos Cuerpo, Minister of Economy, Trade and Business, Spain",https://meetings.imf.org/-/media/AMSM/Files/AM2024/IMFC/Spain.pdf
2024,"IMFC Statement by Executive Vice President Valdis Dombrovskis and Commissioner Paolo Gentiloni, European Commission",https://meetings.imf.org/-/media/AMSM/Files/AM2024/IMFC/EC.pdf
2024,"IMFC Statement by Giancarlo Giorgetti, Minister of the Economy and Finance, Italy",https://meetings.imf.org/-/media/AMSM/Files/AM2024/IMFC/Italy.pdf
2024,"IMFC Statement by Fernando Haddad, Minister of Finance, Brazil",https://meetings.imf.org/-/media/AMSM/Files/AM2024/IMFC/Brazil.pdf
2024,"IMFC Statement by Eelco Heinen, Minister of Finance, the Netherlands",https://meetings.imf.org/-/media/AMSM/Files/AM2024/IMFC/Netherlands.pdf
2024,"IMFC Statement by Robert Holzmann, Governor of the Austrian National Bank",https://meetings.imf.org/-/media/AMSM/Files/AM2024/IMFC/Austria.pdf
2024,"IMFC Statement by the Honorable Kato Katsunobu, Governor of the IMF for Japan",https://meetings.imf.org/-/media/AMSM/Files/AM2024/IMFC/japan.pdf
2024,"IMFC Statement by Karin Keller-Sutter, Minister of Finance of Switzerland",https://meetings.imf.org/-/media/AMSM/Files/AM2024/IMFC/Switzerland.pdf
2024,"IMFC Statement by Honorable Lesetja Kganyago, Governor of the South African Reserve Bank",https://meetings.imf.org/-/media/AMSM/Files/AM2024/IMFC/SA.pdf
2024,"Statement by Christian Lindnerm, Minister of Finance, Germany",https://meetings.imf.org/-/media/AMSM/Files/AM2024/IMFC/Germany.pdf
2024,"IMFC Statement by His Excellency Mohammed bin Hadi Al Hussaini, Minister of State for Financial Affairs for the United Arab Emirates",https://meetings.imf.org/-/media/AMSM/Files/AM2024/IMFC/UAE.pdf
2024,"IMFC Statement by Mays Mouissi, Minister of Economy and Participations of Gabon",https://meetings.imf.orghttps://meetings.imf.org/-/media/AMSM/Files/AM2024/IMFC/Gabon.pdf
2024,français,https://meetings.imf.orghttps://meetings.imf.org/-/media/AMSM/Files/AM2024/IMFC/Gabon-French.pdf
2024,"IMFC Statement by Pan Gongsheng, Governor of the People’s Bank of China",https://meetings.imf.org/-/media/AMSM/Files/AM2024/IMFC/China.pdf
2024,"IMFC Statement by Rt Hon Rachel Reeves MP Chancellor of the Exchequer, H.M Treasury, United Kingdom",https://meetings.imf.org/-/media/AMSM/Files/AM2024/IMFC/UK.pdf
2024,"IMFC Statement by Anton Siluanov, Minister of Finance, Russian Federation",https://meetings.imf.org/-/media/AMSM/Files/AM2024/IMFC/Russia.pdf
2024,"IMFC Statement by Nirmala Sitharaman, Minister of Finance and Corporate Affairs, India",https://meetings.imf.org/-/media/AMSM/Files/AM2024/IMFC/india.pdf
2024,"IMFC Statement by Sethaput Suthiwartnarueput, Governor, Bank of Thailand",https://meetings.imf.org/-/media/AMSM/Files/AM2024/IMFC/Thailand.pdf
2024,"IMFC Statement by Salah Eddine Taleb, Governor of the Bank of Algeria",https://meetings.imf.org/-/media/AMSM/Files/AM2024/IMFC/Algeria.pdf
2024,"IMFC Statement by Mihály Varga, Chair, EU Council of Economic and Finance Ministers",https://meetings.imf.org/-/media/AMSM/Files/AM2024/IMFC/EUcouncil.pdf
2024,"IMFC Statement by Trygve Slagsvold Vedum, Finance Minister, Norway",https://meetings.imf.org/-/media/AMSM/Files/AM2024/IMFC/Norway.pdf
2024,"IMFC Statement by Janet Yellen, Secretary of the Treasury, United States",https://meetings.imf.org/-/media/AMSM/Files/AM2024/IMFC/usa.pdf
2023,"IMFC Statement by Honorable Ernest Addison, Governor of the Bank of Ghana",https://meetings.imf.org/-/media/AMSM/Files/AM2023/IMFC/Ghana.pdf
2023,"IMFC Statement by Mohammed bin Hadi Al Hussaini, Minister of State for Financial Affairs, United Arab Emirates",https://meetings.imf.org/-/media/AMSM/Files/AM2023/IMFC/UAE.pdf
2023,"IMFC Statement by Ahmed Osman Ali, Governor of the Central Bank, Djibouti",https://meetings.imf.org/-/media/AMSM/Files/AM2023/IMFC/Djibouti.pdf
2023,"CMFI Déclaration de Ahmed Osman Ali, Gouverneur de la Banque Centrale, Djibouti",https://meetings.imf.org/-/media/AMSM/Files/AM2023/IMFC/djibouti-fr.pdf
2023,"Mohammed Aljadaan, Minister of Finance, Saudi Arabia",https://meetings.imf.org/-/media/AMSM/Files/AM2023/IMFC/Saudi-Arabia.pdf
2023,"IMFC Statement by Nadia Calviño, Chair, EU Council of Economic and Finance Ministers",https://meetings.imf.org/-/media/AMSM/Files/AM2023/IMFC/eu-council-of-economic-and-finance-ministers.pdf
2023,"IMFC Statement by Jim Chalmers, Treasurer, Australia",https://meetings.imf.org/-/media/AMSM/Files/AM2023/IMFC/Australia.pdf
2023,"IMFC Statement by Mathias Cormann, Secretary-General, OECD",https://meetings.imf.org/-/media/AMSM/Files/AM2023/IMFC/OECD.pdf
2023,"IMFC Statement by Rosanna Costa, President of the Central Bank, Chile",https://meetings.imf.org/-/media/AMSM/Files/AM2023/IMFC/Chile.pdf
2023,"IMFC Statement by Valdis Dombrovskis, Executive Vice President, European Commission",https://meetings.imf.org/-/media/AMSM/Files/AM2023/IMFC/european-commission.pdf
2023,"IMFC Statement by Chrystia Freeland, Deputy Prime Minister and Minister of Finance, Canada",https://meetings.imf.org/-/media/AMSM/Files/AM2023/IMFC/Canada.pdf
2023,"IMFC Statement by Giancarlo Giorgetti, Minister of the Economy and Finance, Italy",https://meetings.imf.org/-/media/AMSM/Files/AM2023/IMFC/Italy.pdf
2023,"IMFC Statement by Fernando Haddad, Minister of Finance, Brazil",https://meetings.imf.org/-/media/AMSM/Files/AM2023/IMFC/Brazil.pdf
2023,"IMFC Statement by Robert Holzmann, Governor of the Central Bank, Austria",https://meetings.imf.org/-/media/AMSM/Files/AM2023/IMFC/Austria.pdf
2023,"IMFC Statement by Gilbert Houngbo, Director-General, International Labour Organization",https://meetings.imf.org/-/media/AMSM/Files/AM2023/IMFC/ILO.pdf
2023,"IMFC Statement by Jeremy Hunt, Chancellor of the Exchequer, H.M Treasury, United Kingdom",https://meetings.imf.org/-/media/AMSM/Files/AM2023/IMFC/United-Kingdom.pdf
2023,"IMFC Statement by Karin Keller-Sutter, Minister of Finance, Switzerland",https://meetings.imf.org/-/media/AMSM/Files/AM2023/IMFC/Switzterland.pdf
2023,"IMFC Statement by Christine Lagarde, President, European Central Bank",https://meetings.imf.org/-/media/AMSM/Files/AM2023/IMFC/ECB.pdf
2023,"IMFC Statement by Bruno Le Maire, Minister of the Economy, Finance and the Industrial and Digital Sovereignty, France",https://meetings.imf.org/-/media/AMSM/Files/AM2023/IMFC/France.pdf
2023,"IMFC Statement by Christian Lindner, Minister of Finance, Germany",https://meetings.imf.org/-/media/AMSM/Files/AM2023/IMFC/Germany.pdf
2023,"IMFC Statement by PAN Gongsheng, Governor of the People’s Bank of China, People's Republic of China",https://meetings.imf.org/-/media/AMSM/Files/AM2023/IMFC/China.pdf
2023,"IMFC Statement by Riikka Purra, Minister of Finance, Finland",https://meetings.imf.org/-/media/AMSM/Files/AM2023/IMFC/Finland.pdf
2023,"IMFC Statement by Nirmala Sitharaman, Minister of the Economy and Finance, India",https://meetings.imf.org/-/media/AMSM/Files/AM2023/IMFC/India.pdf
2023,"IMFC Statement by Achim Steiner, United Nations",https://meetings.imf.org/-/media/AMSM/Files/AM2023/IMFC/united-nations.pdf
2023,"IMFC Statement by SUZUKI Shunichi, Governor of the IMF for Japan",https://meetings.imf.org/-/media/AMSM/Files/AM2023/IMFC/Japan.pdf
2023,"IMFC Statement by Vincent Van Peteghem, Deputy Prime Minister and Minister of Finance, Belgium",https://meetings.imf.org/-/media/AMSM/Files/AM2023/IMFC/Belgium.pdf
2023,"IMFC Statement by Lawrence Wong, Chairman of the Monetary Authority, Singapore",https://meetings.imf.org/-/media/AMSM/Files/AM2023/IMFC/Singapore.pdf
2023,"IMFC Statement by Janet Yellen, Secretary of the Treasury, United States",https://meetings.imf.org/-/media/AMSM/Files/AM2023/IMFC/united-states.pdf
2022,"IMFC Statement by Zainab Ahmed, Minister of Finance, Budget, and Planning, Nigeria",https://meetings.imf.org/-/media/AMSM/Files/AM2022/IMFC/Nigeria.pdf
2022,"IMFC Statement by Mohammed bin Hadi Al Hussaini, Minister of State for Financial Affairs, United Arab Emirates",https://meetings.imf.org/-/media/AMSM/Files/AM2022/IMFC/united-arab-emirates.pdf
2022,"IMFC Statement by Mohammed Aljadaan, Minister of Finance, Saudi Arabia",https://meetings.imf.org/-/media/AMSM/Files/AM2022/IMFC/saudi-arabia.pdf
2022,"IMFC Statement by Kyungho Choo, Deputy Prime Minister, Republic of Korea",https://meetings.imf.org/-/media/AMSM/Files/AM2022/IMFC/Korea.pdf
2022,"IMFC Statement by Mathias Cormann, Secretary-General, OECD",https://meetings.imf.org/-/media/AMSM/Files/AM2022/IMFC/OECD.pdf
2022,"IMFC Statement by Rosanna Costa, President of the Central Bank, Chile",https://meetings.imf.org/-/media/AMSM/Files/AM2022/IMFC/Chile.pdf
2022,"IMFC Statement by Adama Coulibaly, Minister of Economy and Finance, Côte d'Ivoire",https://meetings.imf.org/-/media/AMSM/Files/AM2022/IMFC/cote-divoire.pdf
2022,"CMFI Déclaration de Adama Coulibaly, Ministre de lEconomie et des Finances, Côte dIvoire",https://meetings.imf.org/-/media/AMSM/Files/AM2022/IMFC/civ-f.pdf
2022,"IMFC Statement by Mikael Damberg, Minister of Finance, Sweden",https://meetings.imf.org/-/media/AMSM/Files/AM2022/IMFC/Sweden.pdf
2022,"IMFC Statement by Valdis Dombrovskis, Executive Vice President, European Commission",https://meetings.imf.org/-/media/AMSM/Files/AM2022/IMFC/EC.pdf
2022,"IMFC Statement by Daniele Franco, Minister of the Economy and Finance, Italy",https://meetings.imf.org/-/media/AMSM/Files/AM2022/IMFC/Italy.pdf
2022,"IMFC Statement by Chrystia Freeland, Deputy Prime Minister and Minister of Finance, Canada",https://meetings.imf.org/-/media/AMSM/Files/AM2022/IMFC/Canada.pdf
2022,"CMFI Déclaration de Chrystia Freeland, Vice-première ministre et ministre des Finances, Canada",https://meetings.imf.org/-/media/AMSM/Files/AM2022/IMFC/canada-f.pdf
2022,"IMFC Statement by Rebeca Grynspan, Secretary-General, UNCTAD",https://meetings.imf.org/-/media/AMSM/Files/AM2022/IMFC/UNCTAD.pdf
2022,"IMFC Statement by Paulo Guedes, Minister of Economy, Brazil",https://meetings.imf.org/-/media/AMSM/Files/AM2022/IMFC/Brazil.pdf
2022,"IMFC Statement by Sigrid Kaag, Deputy Prime Minister and Minister of Finance, Kingdom of the NetherlandsThe Netherlands",https://meetings.imf.org/-/media/AMSM/Files/AM2022/IMFC/kingdom-of-the-netherlands.pdf
2022,"IMFC Statement by Kwasi Kwarteng, Chancellor of the Exchequer, United Kingdom",https://meetings.imf.org/-/media/AMSM/Files/AM2022/IMFC/UK.pdf
2022,"IMFC Statement by Christine Lagarde, President, European Central Bank",https://meetings.imf.org/-/media/AMSM/Files/AM2022/IMFC/ECB.pdf
2022,"IMFC Statement by Bruno Le Maire, Minister of the Economy, Finance and the Industrial and Digital Sovereignty, France",https://meetings.imf.org/-/media/AMSM/Files/AM2022/IMFC/France.pdf
2022,"IMFC Statement by Christian Lindner, Minister of Finance, Germany",https://meetings.imf.org/-/media/AMSM/Files/AM2022/IMFC/Germany.pdf
2022,"IMFC Statement by György Matolcsy, Governor of the Central Bank, Hungary",https://meetings.imf.org/-/media/AMSM/Files/AM2022/IMFC/Hungary.pdf
2022,"IMFC Statement by Ueli Maurer, Minister of Finance, Switzerland",https://meetings.imf.org/-/media/AMSM/Files/AM2022/IMFC/Switzerland.pdf
2022,"IMFC Statement by Nirmala Sitharaman, Minister of Finance and Corporate Affairs, India",https://meetings.imf.org/-/media/AMSM/Files/AM2022/IMFC/India.pdf
2022,"IMFC Statement by Zbyněk Stanjura, Chairman, EU Council of Economic and Finance Ministers",https://meetings.imf.org/-/media/AMSM/Files/AM2022/IMFC/eu-council-of-economic-and-finance-ministers.pdf
2022,"IMFC Statement by Achim Steiner, Administrator of the United Nations Development Programme, United Nations",https://meetings.imf.org/-/media/AMSM/Files/AM2022/IMFC/united-nations.pdf
2022,"IMFC Statement by Shunichi Suzuki, Governor of the IMF for Japan, Japan",https://meetings.imf.org/-/media/AMSM/Files/AM2022/IMFC/Japan.pdf
2022,"IMFC Statement by Salah-Eddine Taleb, Governor of the Central Bank, Algeria",https://meetings.imf.org/-/media/AMSM/Files/AM2022/IMFC/Algeria.pdf
2022,"IMFC Statement by Perry Warjiyo, Governor of the Central Bank, Indonesia",https://meetings.imf.org/-/media/AMSM/Files/AM2022/IMFC/Indonesia.pdf
2022,"IMFC Statement by Janet Yellen, Secretary of the Treasury, United States",https://meetings.imf.org/-/media/AMSM/Files/AM2022/IMFC/united-states.pdf
2022,"IMFC Statement by Gang Yi, Governor of the Peoples Bank of China, Peoples Republic of China",https://meetings.imf.org/-/media/AMSM/Files/AM2022/IMFC/peoples-republic-of-china.pdf
2021,Documents,https://meetings.imf.org/en/sitecore/templates/Branches/AMSM/Page-Branches/IMF-Microsite/$name/Documents
2021,"IMFC Statement by Mohammed bin Hadi Al Hussaini, Minister of State for Financial Affairs, United Arab Emirates",https://meetings.imf.org/-/media/AMSM/Files/AM2021/IMFC/united-arab-emirates.pdf
2021,"IMFC Statement by Mohammed Aljadaan, Minister of Finance, Saudi Arabia",https://meetings.imf.org/-/media/AMSM/Files/AM2021/IMFC/saudi-arabia.pdf
2021,"IMFC Statement by Mohammad Sanusi Barkindo, Secretary General, OPEC",https://meetings.imf.org/-/media/AMSM/Files/AM2021/IMFC/OPEC.pdf
2021,"IMFC Statement by Mathias Cormann, Secretary-General, OECD",https://meetings.imf.org/-/media/AMSM/Files/AM2021/IMFC/OECD.pdf
2021,"IMFC Statement by Valdis Dombrovskis, Executive Vice President, European Commission",https://meetings.imf.org/-/media/AMSM/Files/AM2021/IMFC/EC.pdf
2021,"IMFC Statement by Rosthom Fadli, Governor of the Bank of Algeria, Algeria",https://meetings.imf.org/-/media/AMSM/Files/AM2021/IMFC/Algeria.pdf
2021,"IMFC Statement by Daniele Franco, Minister of the Economy and Finance, Italy",https://meetings.imf.org/-/media/AMSM/Files/AM2021/IMFC/Italy.pdf
2021,"IMFC Statement by Chrystia Freeland, Deputy Prime Minister and Minister of Finance, Canada",https://meetings.imf.org/-/media/AMSM/Files/AM2021/IMFC/Canada.pdf
2021,"IMFC Statement by Rebeca Grynspan, Secretary - General, UNCTAD",https://meetings.imf.org/-/media/AMSM/Files/AM2021/IMFC/UNCTAD.pdf
2021,"IMFC Statement by Paulo Guedes, Minister of Economy, Brazil",https://meetings.imf.org/-/media/AMSM/Files/AM2021/IMFC/Brazil.pdf
2021,"IMFC Statement by Martín Guzmán, Minister of Economy, Argentina",https://meetings.imf.org/-/media/AMSM/Files/AM2021/IMFC/Argentina.pdf
2021,"IMFC Statement by Nam-Ki Hong, Deputy Prime Minister and Minister of Economy and Finance, Republic of Korea",https://meetings.imf.org/-/media/AMSM/Files/AM2021/IMFC/republic-of-korea.pdf
2021,"IMFC Statement by Malangu Kabedi-Mbuyi, Governor of Banque Centrale du Congo, Democratic Republic of the Congo",https://meetings.imf.org/-/media/AMSM/Files/AM2021/IMFC/democratic-republic-of-the-congo.pdf
2021,"IMFC Statement by Lesetja Kganyago, Governor for the South African Reserve Bank, South Africa",https://meetings.imf.org/-/media/AMSM/Files/AM2021/IMFC/south-africa.pdf
2021,"IMFC Statement by Christine Lagarde, President, European Central Bank",https://meetings.imf.org/-/media/AMSM/Files/AM2021/IMFC/ECB.pdf
2021,"IMFC Statement by Bruno Le Maire, Minister of the Economy, Finance and the Recovery, France",https://meetings.imf.org/-/media/AMSM/Files/AM2021/IMFC/France.pdf
2021,"IMFC Statement by György Matolcsy, Governor of the Central Bank, Hungary",https://meetings.imf.org/-/media/AMSM/Files/AM2021/IMFC/Hungary.pdf
2021,"IMFC Statement by Ueli Maurer, Minister of Finance, Switzerland",https://meetings.imf.org/-/media/AMSM/Files/AM2021/IMFC/Switzerland.pdf
2021,"IMFC Statement by Nor Shamsiah Mohd Yunus, Governor, Central Bank of Malaysia, Malaysia",https://meetings.imf.org/-/media/AMSM/Files/AM2021/IMFC/Malaysia.pdf
2021,"IMFC Statement by Lars Rohde, Governor, Denmark",https://meetings.imf.org/-/media/AMSM/Files/AM2021/IMFC/Denmark.pdf
2021,"IMFC Statement by Guy Ryder, Director - General, International Labour Organization",https://meetings.imf.org/-/media/AMSM/Files/AM2021/IMFC/ILO.pdf
2021,"IMFC Statement by Olaf Scholz, Minister of Finance, Germany",https://meetings.imf.org/-/media/AMSM/Files/AM2021/IMFC/Germany.pdf
2021,"IMFC Statement by Andrej Šircelj, Chairman, EU Council of Economic and Finance Ministers",https://meetings.imf.org/-/media/AMSM/Files/AM2021/IMFC/eu-council-of-economic-and-finance-ministers.pdf
2021,"IMFC Statement by Nirmala Sitharaman, Minister of Finance and Corporate Affairs, India, Member, International Monetary and Financial Committee (IMFC)",https://meetings.imf.org/-/media/AMSM/Files/SM2021/IMFC/India.pdf
2021,"IMFC Statement by Achim Steiner, United Nations",https://meetings.imf.org/-/media/AMSM/Files/AM2021/IMFC/UN.pdf
2021,"IMFC Statement by Rishi Sunak, Chancellor of the Exchequer, H.M. Treasury, United Kingdom",https://meetings.imf.org/-/media/AMSM/Files/AM2021/IMFC/united-kingdom.pdf
2021,"IMFC Statement by SUZUKI Shunichi, Governor of the IMF for Japan",https://meetings.imf.org/-/media/AMSM/Files/AM2021/IMFC/Japan.pdf
2021,"IMFC Statement by Vincent Van Peteghem, Deputy Prime Minister and Minister of Finance, Belgium",https://meetings.imf.org/-/media/AMSM/Files/AM2021/IMFC/Belgium.pdf
2021,"IMFC Statement by Janet Yellen, Secretary of the Treasury, United States",https://meetings.imf.org/-/media/AMSM/Files/AM2021/IMFC/united-states.pdf
2021,"IMFC Statement by YI Gang, Governor of the People's Bank of China, People's Republic of China,",https://meetings.imf.org/-/media/AMSM/Files/AM2021/IMFC/China.pdf
2020,"IMFC Statement by Berat Albayrak, Minister of Treasury and Finance, Turkey",https://meetings.imf.org/-/media/AMSM/Files/AM2020/IMFC/tur.pdf
2020,"IMFC Statement by Mohammed Aljadaan, Minister of Finance, Saudi Arabia",https://meetings.imf.org/-/media/AMSM/Files/AM2020/IMFC/sau.pdf
2020,"IMFC Statement by Aso Taro, Deputy Prime Minister, Japan",https://meetings.imf.org/-/media/AMSM/Files/AM2020/IMFC/jpn.pdf
2020,"IMFC Statement by Mohammed Barkindo, Secretary General, OPEC",https://meetings.imf.org/-/media/AMSM/Files/AM2020/IMFC/OPEC.pdf
2020,"IMFC Statement by Valdis Dombrovskis, European Commission",https://meetings.imf.org/-/media/AMSM/Files/AM2020/IMFC/EC.pdf
2020,"IMFC Statement by Rosthom Fadli, Governor of the Bank of Algeria, Algeria",https://meetings.imf.org/-/media/AMSM/Files/AM2020/IMFC/dza.pdf
2020,"IMFC Statement by Chrystia Freeland, Deputy Prime Minister and Minister of Finance, Canada",https://meetings.imf.org/-/media/AMSM/Files/AM2020/IMFC/can.pdf
2020,"IMFC Statement by Josh Frydenberg, Treasurer, Australia",https://meetings.imf.org/-/media/AMSM/Files/AM2020/IMFC/aus.pdf
2020,"IMFC Statement by Roberto Gualtieri, Minister of the Economy and Finance, Italy",https://meetings.imf.org/-/media/AMSM/Files/AM2020/IMFC/ita.pdf
2020,"IMFC Statement by Paulo Guedes, Minister of Economy, Brazil",https://meetings.imf.org/-/media/AMSM/Files/AM2020/IMFC/bra.pdf
2020,"IMFC Statement by Angel Gurría, Secretary-General, OECD",https://meetings.imf.org/-/media/AMSM/Files/AM2020/IMFC/OECD.pdf
2020,"IMFC Statement by Martín Guzmán, Minister of Economy, Argentina",https://meetings.imf.org/-/media/AMSM/Files/AM2020/IMFC/arg.pdf
2020,"IMFC Statement by Wopke Hoekstra, Minister of Finance, Kingdom of the Netherlands—The Netherlands",https://meetings.imf.org/-/media/AMSM/Files/AM2020/IMFC/nld.pdf
2020,"IMFC Statement by Mukhisa Kituyi, Secretary-General, UNCTAD",https://meetings.imf.org/-/media/AMSM/Files/AM2020/IMFC/UNCTAD.pdf
2020,"IMFC Statement by Christine Lagarde, President, European Central Bank",https://meetings.imf.org/-/media/AMSM/Files/AM2020/IMFC/ECB.pdf
2020,"IMFC Statement by Bruno Le Maire, Minister of the Economy, Finance and the Recovery, France",https://meetings.imf.org/-/media/AMSM/Files/AM2020/IMFC/fra.pdf
2020,"IMFC Statement by Ueli Maurer, Minister of Finance, Switzerland",https://meetings.imf.org/-/media/AMSM/Files/AM2020/IMFC/che.pdf
2020,"IMFC Statement by T.T. Mboweni, Minister of Finance, South Africa",https://meetings.imf.org/-/media/AMSM/Files/AM2020/IMFC/zaf.pdf
2020,"IMFC Statement by Steven Mnuchin, Secretary of the Treasury, United States",https://meetings.imf.org/-/media/AMSM/Files/AM2020/IMFC/usa.pdf
2020,"IMFC Statement by Calixte Nganongo, Minister of Finance and Budget, Republic of Congo",https://www.imf.org/~/media/AMSM/Files/SM2020/IMFC/cog.pdf?la=en
2020,français,https://meetings.imf.orghttps://www.imf.org/~/media/AMSM/Files/AM2020/IMFC/cogf.pdf?la=en
2020,"IMFC Statement by Guy Ryder, Director-General, International Labour Organization",https://meetings.imf.org/-/media/AMSM/Files/AM2020/IMFC/ILO.pdf
2020,"IMFC Statement by Jan Tore Sanner, Minister of Finance, Norway",https://meetings.imf.org/-/media/AMSM/Files/AM2020/IMFC/nor.pdf
2020,"IMFC Statement by Nadia Calviño Santamaría, Vice president and Minister for Economy, Spain",https://meetings.imf.org/-/media/AMSM/Files/AM2020/IMFC/esp.pdf
2020,"IMFC Statement by Olaf Scholz (Germany), Chairman of the EU Council of Economic and Finance Ministers",https://meetings.imf.org/-/media/AMSM/Files/AM2020/IMFC/deu.pdf
2020,"IMFC Statement by Anton Siluanov, Minister of Finance, Russian Federation",https://meetings.imf.org/-/media/AMSM/Files/AM2020/IMFC/rus.pdf
2020,"IMFC Statement by Nirmala Sitharaman, Minister of Finance and Corporate Affairs, India",https://meetings.imf.org/-/media/AMSM/Files/AM2020/IMFC/ind.pdf
2020,"IMFC Statement by Achim Steiner, Administrator, United Nations Development Programme, United Nations",https://meetings.imf.org/-/media/AMSM/Files/AM2020/IMFC/UN.pdf
2020,"IMFC Statement by Rishi Sunak, Chancellor of the Exchequer, H.M. Treasury, United Kingdom",https://meetings.imf.org/-/media/AMSM/Files/AM2020/IMFC/gbr.pdf
2020,"IMFC Statement by Sethaput Suthiwart-Narueput, Governor, Bank of Thailand, Thailand",https://meetings.imf.org/-/media/AMSM/Files/AM2020/IMFC/tha.pdf
2019,"IMFC Statement by Zainab Ahmed, Minister of Finance, Nigeria",https://meetings.imf.org/-/media/AMSM/Files/AM2019/IMFC/NGA.pdf
2019,"IMFC Statement by Obaid Humaid Al Tayer, Minister of State for Financial Affairs, United Arab Emirates",https://meetings.imf.org/-/media/AMSM/Files/AM2019/IMFC/ARE.pdf
2019,"IMFC Statement by Berat Albayrak, Minister of Treasury and Finance, Turkey",https://meetings.imf.org/-/media/AMSM/Files/AM2019/IMFC/TUR.pdf
2019,"IMFC Statement by Mohammed Aljadaan, Minister of Finance, Saudi Arabia",https://meetings.imf.org/-/media/AMSM/Files/AM2019/IMFC/sau.pdf
2019,"IMFC Statement by Taro Aso, Deputy Primer Minister, Japan",https://meetings.imf.org/-/media/AMSM/Files/AM2019/IMFC/JPN.pdf
2019,"IMFC Statement by Roberto Azevêdo, Director-General, WTO",https://meetings.imf.org/-/media/AMSM/Files/AM2019/IMFC/wto.pdf
2019,"IMFC Statement by H.E. Mohammad Sanusi Barkindo, Secretary General, OPEC",https://meetings.imf.org/-/media/AMSM/Files/AM2019/IMFC/opec.pdf
2019,"IMFC Statement by Roberto Campos Neto, Central Bank Governor, Brazil",https://meetings.imf.org/-/media/AMSM/Files/AM2019/IMFC/BRA.pdf
2019,"IMFC Statement by Alexander de Croo, Deputy Prime Minister and Minister of Finance, Belgium",https://meetings.imf.org/-/media/AMSM/Files/AM2019/IMFC/bel.pdf
2019,"IMFC Statement by Mario Draghi, President, European Central Bank",https://meetings.imf.org/-/media/AMSM/Files/AM2019/IMFC/ECB.pdf
2019,"IMFC Statement by Hon. Josh Frydenberg MP, Treasurer, Australia",https://meetings.imf.org/-/media/AMSM/Files/AM2019/IMFC/AUS.pdf
2019,"IMFC Statement by Roberto Gualtieri, Minister of the Economy and Finance, Italy",https://meetings.imf.org/-/media/AMSM/Files/AM2019/IMFC/ita.pdf
2019,"IMFC Statement by Angel Gurría, Secretary-General, OECD",https://meetings.imf.org/-/media/AMSM/Files/AM2019/IMFC/OECD.pdf
2019,"IMFC Statement by Ammar Hiouani, Governor, Bank of Algeria, Algeria",https://meetings.imf.org/-/media/AMSM/Files/AM2019/IMFC/dza.pdf
2019,"IMFC Statement by Sajid Javid Chancellor of the Exchequer, H.M. Treasury, United Kingdom",https://meetings.imf.org/-/media/AMSM/Files/AM2019/IMFC/GBR.pdf
2019,"IMFC Statement by Mukhisa Kituyi, Secretary-General, UNCTAD",https://meetings.imf.org/-/media/AMSM/Files/AM2019/IMFC/UNCTAD.pdf
2019,"IMFC Statement by Hernan Lacunza, Minister of the Treasury, Argentina",https://meetings.imf.org/-/media/AMSM/Files/AM2019/IMFC/arg.pdf
2019,"IMFC Statement by Mika Lintilä, Chairman, EU Council of Economic and Finance Ministers",https://meetings.imf.org/-/media/AMSM/Files/AM2019/IMFC/ECOFIN.pdf
2019,"IMFC Statement by Mika Lintilä, Minister of Finance, Finland",https://meetings.imf.org/-/media/AMSM/Files/AM2019/IMFC/fin.pdf
2019,"IMFC Statement by Ueli Maurer, Minister of Finance of Switzerland, Switzerland",https://meetings.imf.org/-/media/AMSM/Files/AM2019/IMFC/che.pdf
2019,"IMFC Statement by Steven Mnuchin, Secretary of the Treasury, United States",https://meetings.imf.org/-/media/AMSM/Files/AM2019/IMFC/USA.pdf
2019,"IMFC Statement by Bill Morneau, Minister of Finance, Canada",https://meetings.imf.org/-/media/AMSM/Files/AM2019/IMFC/CAN.pdf
2019,"IMFC Statement by Pierre Moscovici, Commissioner, European Commission",https://meetings.imf.org/-/media/AMSM/Files/AM2019/IMFC/EC.pdf
2019,"IMFC Statement by Guy Rider, Director General, International Labour Organization",https://meetings.imf.org/-/media/AMSM/Files/AM2019/IMFC/ILO.pdf
2019,"IMFC Statement by Said Chayhane SAID ALI, Minister of Finance and Budget, Union of the Comoros",https://www.imf.org/~/media/AMSM/Files/SM2019/IMFC/cog.pdf?la=en
2019,français,https://meetings.imf.orghttps://www.imf.org/~/media/AMSM/Files/AM2019/IMFC/comf.pdf?la=en
2019,"IMFC Statement by Veerathai Santiprabhob, Governor, Bank of Thailand, Thailand",https://meetings.imf.org/-/media/AMSM/Files/AM2019/IMFC/tha.pdf
2019,"IMFC Statement by Olaf Scholz, Minister of Finance, Germany",https://meetings.imf.org/-/media/AMSM/Files/AM2019/IMFC/DEU.pdf
2019,"IMFC Statement by Nirmala Sitharaman, Minister of Finance and Corporate Affairs, India",https://meetings.imf.org/-/media/AMSM/Files/AM2019/IMFC/ind.pdf
2019,"IMFC Statement by Achim Steiner, Administrator of the United Nations Development Programme, United Nations",https://meetings.imf.org/-/media/AMSM/Files/AM2019/IMFC/UN.pdf
2019,"IMFC Statement by YI Gang, Governor, People's Republic of China",https://meetings.imf.org/-/media/AMSM/Files/AM2019/IMFC/CHN.pdf
2018,"IMFC Statement by Obaid Humaid Al-Tayer, Minister of State for Financial Affairs, United Arab Emirates",https://meetings.imf.org/-/media/AMSM/Files/AM2018/IMFC/are.pdf
2018,"IMFC Statement by  Taro Aso, Deputy Prime Minister, Japan",https://meetings.imf.org/-/media/AMSM/Files/AM2018/IMFC/jpn.pdf
2018,"IMFC Statement by Roberto Azevêdo, Director General, World Trade Organization",https://meetings.imf.org/-/media/AMSM/Files/AM2018/IMFC/WTO.pdf
2018,"IMFC Statement by H.E. Mohammad Sanusi Barkindo, Secretary General, OPEC",https://meetings.imf.org/-/media/AMSM/Files/AM2018/IMFC/OPEC.pdf
2018,"IMFC Statement by Nadia María Calviño Santamaría, Minister of Economy and Business, Spain",https://meetings.imf.org/-/media/AMSM/Files/AM2018/IMFC/esp.pdf
2018,"IMFC Statement by Mario Draghi, President, European Central Bank",https://meetings.imf.org/-/media/AMSM/Files/AM2018/IMFC/ECB.pdf
2018,"IMFC Statement by Subhash Chandra Garg, Secretary, Department of Economic Affairs, Ministry of Finance, India",https://meetings.imf.org/-/media/AMSM/Files/AM2018/IMFC/ind.pdf
2018,"IMFC Statement by Ilan Goldfajn, Governor of Banco Central do Brasil",https://meetings.imf.org/-/media/AMSM/Files/AM2018/IMFC/bra.pdf
2018,"IMFC Statement by Philip Hammond, Chancellor of the Exchequer, H.M. Treasury, United Kingdom",https://meetings.imf.org/-/media/AMSM/Files/AM2018/IMFC/gbr.pdf
2018,"IMFC Statement by Wopke Hoekstra, Minister of Finance, Kingdom of the Netherlands—Netherlands",https://meetings.imf.org/-/media/AMSM/Files/AM2018/IMFC/nld.pdf
2018,"IMFC Statement by Stefan Ingves, Governor of the Swedish National Bank, Sweden",https://meetings.imf.org/-/media/AMSM/Files/AM2018/IMFC/swe.pdf
2018,"IMFC Statement by Dong-Yeon Kim, Deputy Prime Minister and Minister of Economy and Finance, Republic of Korea",https://meetings.imf.org/-/media/AMSM/Files/AM2018/IMFC/kor.pdf
2018,"IMFC Statement by Mukhisa Kituyi, Secretary-General, UNCTAD",https://meetings.imf.org/-/media/AMSM/Files/AM2018/IMFC/UNCTAD.pdf
2018,"IMFC Statement by Bruno Le Maire, Minister for the Economy and Finance, France",https://www.imf.org/~/media/AMSM/Files/AM2018/IMFC/fra.pdf?la=en
2018,français,https://meetings.imf.orghttps://www.imf.org/~/media/AMSM/Files/AM2018/IMFC/fraf.pdf?la=en
2018,"IMFC Statement by Hartwig Löger, Chairman, EU Council of Economic and Finance Ministers",https://meetings.imf.org/-/media/AMSM/Files/AM2018/IMFC/ECOFIN.pdf
2018,"IMFC Statement by Mohamed Loukal, Governor, Bank of Algeria, Algeria",https://meetings.imf.org/-/media/AMSM/Files/AM2018/IMFC/dza.pdf
2018,"IMFC Statement by Ueli Maurer, Minister of Finance, Switzerland",https://meetings.imf.org/-/media/AMSM/Files/AM2018/IMFC/che.pdf
2018,"IMFC Statement by Steven Mnuchin, Secretary of the Treasury, United States",https://meetings.imf.org/-/media/AMSM/Files/AM2018/IMFC/usa.pdf
2018,"IMFC Statement by Bill Morneau, Minister of Finance, Canada",https://meetings.imf.org/-/media/AMSM/Files/AM2018/IMFC/can.pdf
2018,"IMFC Statement by Pierre Moscovici, Commissioner, European Commission",https://meetings.imf.org/-/media/AMSM/Files/AM2018/IMFC/EC.pdf
2018,"IMFC Statement by Déogratias Mutombo Mwana Nyembo, Governor of Banque Centrale du Congo, Democratic Republic of the Congo",https://www.imf.org/~/media/AMSM/Files/AM2018/IMFC/cod.pdf?la=en
2018,français,https://meetings.imf.orghttps://www.imf.org/~/media/AMSM/Files/AM2018/IMFC/codf.pdf?la=en
2018,"IMFC Statement by Jiří Rusnok, Governor of the Czech National Bank",https://meetings.imf.org/-/media/AMSM/Files/AM2018/IMFC/cze.pdf
2018,"IMFC Statement by Guy Ryder, Director-General, International Labour Organization",https://meetings.imf.org/-/media/AMSM/Files/AM2018/IMFC/ILO.pdf
2018,"IMFC Statement by Olaf Scholz, Minister of Finance, Germany",https://meetings.imf.org/-/media/AMSM/Files/AM2018/IMFC/deu.pdf
2018,IMFC Statement by Zainab Shamsuna Ahmed  Minister of Finance Nigeria,https://meetings.imf.org/-/media/AMSM/Files/AM2018/IMFC/nga.pdf
2018,"IMFC Statement by Achim Steiner, Administrator of the United Nations Development Programme",https://meetings.imf.org/-/media/AMSM/Files/AM2018/IMFC/UN.pdf
2018,"IMFC Statement by Sergei Storchak, Deputy Minister of Finance, Russian Federation",https://meetings.imf.org/-/media/AMSM/Files/AM2018/IMFC/rus.pdf
2018,"IMFC Statement by Giovanni Tria, Minister of Economy and Finance, Italy",https://meetings.imf.org/-/media/AMSM/Files/AM2018/IMFC/ita.pdf
2018,"IMFC Statement by Julio Velarde, President of the Central Bank of Peru",https://meetings.imf.org/-/media/AMSM/Files/AM2018/IMFC/per.pdf
2018,"IMFC Statement by Perry Warjiyo, Governor of Bank Indonesia, Indonesia",https://meetings.imf.org/-/media/AMSM/Files/AM2018/IMFC/idn.pdf
2018,"IMFC Statement by Yi Gang, Governor, People's Bank of China, People’s Republic of China",https://meetings.imf.org/-/media/AMSM/Files/AM2018/IMFC/chn.pdf
2017,"IMFC Statement by Mario Draghi, President, European Central Bank",https://meetings.imf.org/-/media/AMSM/Files/IMFC/AM2017/ECB.pdf
2017,"IMFC Statement by Malusi Gigaba, Minister of Finance, South Africa",https://meetings.imf.org/-/media/AMSM/Files/IMFC/AM2017/zaf.pdf
2017,"IMFC Statement by Angel Gurría, Secretary-General, OECD",https://meetings.imf.org/-/media/AMSM/Files/IMFC/AM2017/OECD.pdf
2017,"IMFC Statement by Philip Hammond, Chancellor of the Exchequer, H.M. Treasury, United Kingdom",https://meetings.imf.org/-/media/AMSM/Files/IMFC/AM2017/gbr.pdf
2017,"IMFC Statement by Ardo Hansson, Governor of the Bank of Estonia",https://meetings.imf.org/-/media/AMSM/Files/IMFC/AM2017/est.pdf
2017,"IMFC Statement by Arun Jaitley, Minister of Finance and Corporate Affairs, India",https://meetings.imf.org/-/media/AMSM/Files/IMFC/AM2017/ind.pdf
2017,"IMFC Statement by Dong-Yeon Kim, Deputy Prime Minister and Minister of Strategy and Finance, Republic of Korea",https://meetings.imf.org/-/media/AMSM/Files/IMFC/AM2017/kor.pdf
2017,"IMFC Statement by Mukhisa Kituyi, Secretary-General, UNCTAD",https://meetings.imf.org/-/media/AMSM/Files/IMFC/AM2017/UNCTAD.pdf
2017,"IMFC Statement by Bruno Le Maire, Minister for the Economy and Finance, France",https://meetings.imf.org/-/media/AMSM/Files/IMFC/AM2017/fra.pdf
2017,"IMFC Statement by Mr. Loukal, Governor, Algeria",https://meetings.imf.org/-/media/AMSM/Files/IMFC/AM2017/dza.pdf
2017,"IMFC Statement by Ueli Maurer, Minister of Finance, Switzerland",https://meetings.imf.org/-/media/AMSM/Files/IMFC/AM2017/che.pdf
2017,"IMFC Statement by Henrique de Campos Meirelles, Minister of Finance, Brazil",https://meetings.imf.org/-/media/AMSM/Files/IMFC/AM2017/bra.pdf
2017,"IMFC Statement by Steven Mnuchin, Secretary of the Treasury, United States",https://meetings.imf.org/-/media/AMSM/Files/IMFC/AM2017/usa.pdf
2017,"IMFC Statement by Mohammad Sanusi Barkindo, Secretary General, OPEC",https://meetings.imf.org/-/media/AMSM/Files/IMFC/AM2017/OPEC.pdf
2017,"IMFC Statement by Bill Morneau, Minister of Finance, Canada",https://meetings.imf.org/-/media/AMSM/Files/IMFC/AM2017/can.pdf
2017,"IMFC Statement by Pierre Moscovici, Commissioner, European Commission",https://meetings.imf.org/-/media/AMSM/Files/IMFC/AM2017/EC.pdf
2017,"IMFC Statement by Nicolás Dujovne, Minister of the Treasury, Argentina",https://meetings.imf.org/-/media/AMSM/Files/IMFC/AM2017/arg.pdf
2017,"IMFC Statement by Obaid Humaid Al-Tayer, Minister of State for Financial Affairs, United Arab Emirates",https://meetings.imf.org/-/media/AMSM/Files/IMFC/AM2017/are.pdf
2017,"IMFC Statement by Alamine Ousmane Mey, Minister of Finance, Cameroon",https://meetings.imf.org/-/media/AMSM/Files/IMFC/AM2017/cmr.pdf
2017,"IMFC Statement by Johan Van Overtveldt, Minister of Finance, Belgium",https://meetings.imf.org/-/media/AMSM/Files/IMFC/AM2017/bel.pdf
2017,"IMFC Statement by Pier Carlo Padoan, Minister of Economy and Finance, Italy",https://meetings.imf.org/-/media/AMSM/Files/IMFC/AM2017/ita.pdf
2017,"IMFC Statement by Roberto Azevêdo, Director-General, World Trade Organization",https://meetings.imf.org/-/media/AMSM/Files/IMFC/AM2017/WTO.pdf
2017,"IMFC Statement by Jiří Rusnok, Governor of the Czech National Bank, Czech Republic",https://meetings.imf.org/-/media/AMSM/Files/IMFC/AM2017/cze.pdf
2017,"IMFC Statement by Guy Ryder, Director-General, International Labour Organization",https://meetings.imf.org/-/media/AMSM/Files/IMFC/AM2017/ILO.pdf
2017,"IMFC Statement by Wolfgang Schäuble, Federal Minister of Finance, Germany",https://meetings.imf.org/-/media/AMSM/Files/IMFC/AM2017/deu.pdf
2017,"IMFC Statement by Tharman Shanmugaratnam, Deputy Prime Minister & Coordinating Minister for Economic and Social Policies, Singapore",https://meetings.imf.org/-/media/AMSM/Files/IMFC/AM2017/sgp.pdf
2017,"IMFC Statement by Achim Steiner, Administrator of the United Nations Development Programme, Chair of the United Nations Development Group, United Nations",https://meetings.imf.org/-/media/AMSM/Files/IMFC/AM2017/UN.pdf
2017,"IMFC Statement by Taro Aso, Deputy Prime Minister, Japan",https://meetings.imf.org/-/media/AMSM/Files/IMFC/AM2017/jpn.pdf
2017,"IMFC Statement by Toomas Tõniste, Chairman, EU Council of Economic and Finance Ministers",https://meetings.imf.org/-/media/AMSM/Files/IMFC/AM2017/ECOFIN.pdf
2017,"IMFC Statement by Honorable Zhou Xiaochuan, Governor of the People’s Bank of China",https://meetings.imf.org/-/media/AMSM/Files/IMFC/AM2017/chn.pdf
2016,"IMFC Statement by Obaid Humaid Al Tayer, Minister of State for Financial Affairs, United Arab Emirates",https://meetings.imf.org/-/media/AMSM/Files/IMFC/AM2016/are.pdf
2016,"IMFC Statement by Angel Gurría, Secretary-General, OECD",https://meetings.imf.org/-/media/AMSM/Files/IMFC/AM2016/OECD.pdf
2016,"IMFC Statement by Bill Morneau, Minister of Finance, Canada",https://meetings.imf.org/-/media/AMSM/Files/IMFC/AM2016/can.pdf
2016,"IMFC Statement by Henrique de Campos Meirelles, Minister of Finance, Brazil",https://meetings.imf.org/-/media/AMSM/Files/IMFC/AM2016/bra.pdf
2016,"IMFC Statement by Jeroen Dijsselbloem, Minister of Finance, Kingdom of the Netherlands—Netherlands",https://meetings.imf.org/-/media/AMSM/Files/IMFC/AM2016/nld.pdf
2016,"IMFC Statement by Peter Kažimír, Chairman, EU Council of Economic and Finance Ministers",https://meetings.imf.org/-/media/AMSM/Files/IMFC/AM2016/ECOFIN.pdf
2016,"IMFC Statement by Pierre Moscovici, Commissioner, European Commission",https://meetings.imf.org/-/media/AMSM/Files/IMFC/AM2016/EC.pdf
2016,"IMFC Statement by Rosine Coulibaly/Sori, Minister of Economy, Finance and Development, Burkina Faso",https://meetings.imf.org/-/media/AMSM/Files/IMFC/AM2016/bfa.pdf
2016,"IMFC Statement by Taro Aso, Deputy Prime Minister, Japan",https://meetings.imf.org/-/media/AMSM/Files/IMFC/AM2016/jpn.pdf
2016,"Statement by Ueli Maurer, Minister of Finance, Switzerland",https://meetings.imf.org/-/media/AMSM/Files/IMFC/AM2016/che.pdf
2016,"IMFC Statement by Alfonso Prat-Gay, Minister of Treasury and Public Finance, Argentina",https://meetings.imf.org/-/media/AMSM/Files/IMFC/AM2016/arg.pdf
2016,"IMFC Statement by Arun Jaitley, Minister of Finance, India",https://meetings.imf.org/-/media/AMSM/Files/IMFC/AM2016/ind.pdf
2016,"IMFC Statement by Claus Hjort Frederiksen, Minister of Finance, Denmark",https://meetings.imf.org/-/media/AMSM/Files/IMFC/AM2016/dnk.pdf
2016,"IMFC Statement by Guy Ryder, Director-General, International Labour Organization",https://meetings.imf.org/-/media/AMSM/Files/IMFC/AM2016/ILO.pdf
2016,"IMFC Statement by Helen Clark, Administrator of the United Nations Development Programme, Chair of the United Nations Development Group, United Nations",https://meetings.imf.org/-/media/AMSM/Files/IMFC/AM2016/UN.pdf
2016,"IMFC Statement by Jacob J. Lew, Governor of the Fund and the Bank, United States",https://meetings.imf.org/-/media/AMSM/Files/IMFC/AM2016/usa.pdf
2016,"IMFC Statement by Luis De Guindos, Minister of Finance, Spain",https://meetings.imf.org/-/media/AMSM/Files/IMFC/AM2016/esp.pdf
2016,"IMFC Statement by Mario Draghi, President, European Central Bank",https://meetings.imf.org/-/media/AMSM/Files/IMFC/AM2016/ECB.pdf
2016,"IMFC Statement by Mehmet Şimşek, Deputy Prime Minister of Turkey",https://meetings.imf.org/-/media/AMSM/Files/IMFC/AM2016/tur.pdf
2016,"IMFC Statement by Michel Sapin, Minister for the Economy and Finance, France",https://meetings.imf.org/-/media/AMSM/Files/IMFC/AM2016/fra.pdf
2016,"IMFC Statement by Mohamed Loukal, Governor of the Bank of Algeria, Algeria",https://meetings.imf.org/-/media/AMSM/Files/IMFC/AM2016/dza.pdf
2016,"IMFC Statement by H.E. Mohammad Sanusi Barkindo, Secretary-General, Organization of the Petroleum Exporting Countries (OPEC)",https://meetings.imf.org/-/media/AMSM/Files/IMFC/AM2016/OPEC.pdf
2016,"IMFC Statement by Muhammad bin Ibrahim, Governor, Bank Negara Malaysia, Malaysia",https://meetings.imf.org/-/media/AMSM/Files/IMFC/AM2016/mys.pdf
2016,"IMFC Statement by Mukhisa Kituyi, Secretary-General, UNCTAD",https://meetings.imf.org/-/media/AMSM/Files/IMFC/AM2016/UNCTAD.pdf
2016,"IMFC Statement by Philip Hammond, Chancellor of the Exchequer, H.M. Treasury, United Kingdom",https://meetings.imf.org/-/media/AMSM/Files/IMFC/AM2016/gbr.pdf
2016,"IMFC Statement by Pier Carlo Padoan, Minister of Economy and Finance, Italy",https://meetings.imf.org/-/media/AMSM/Files/IMFC/AM2016/ita.pdf
2016,"IMFC Statement by Pravin Gordhan, Minister of Finance, South Africa",https://meetings.imf.org/-/media/AMSM/Files/IMFC/AM2016/zaf.pdf
2016,"IMFC Statement by Roberto Azevêdo, Director-General, World Trade Organization",https://meetings.imf.org/-/media/AMSM/Files/IMFC/AM2016/WTO.pdf
2016,"IMFC Statement by Scott Morrison, Treasurer, Australia",https://meetings.imf.org/-/media/AMSM/Files/IMFC/AM2016/aus.pdf
2016,"IMFC Statement by Wolfgang Schäuble, Federal Minister of Finance, Germany",https://meetings.imf.org/-/media/AMSM/Files/IMFC/AM2016/deu.pdf
2016,"IMFC Statement by Zhou Xiaochuan, Governor, People's Bank of China, People’s Republic of China",https://meetings.imf.org/-/media/AMSM/Files/IMFC/AM2016/chn.pdf
2015,"IMFC Statement by H.E. Abdalla Salem El-Badri Secretary-General, The Organization of the Petroleum Exporting Countries",https://meetings.imf.org/-/media/AMSM/Files/IMFC/AM2015/opec.pdf
2015,"Statement by the Honorable Mohammed Laksaci, Governor, Bank of Algeria",https://meetings.imf.org/-/media/AMSM/Files/IMFC/AM2015/dza.pdf
2015,"IMFC Statement by His Excellency Obaid Humaid Al Tayer, Minister of State for Financial Affairs, United Arab Emirates",https://meetings.imf.org/-/media/AMSM/Files/IMFC/AM2015/are.pdf
2015,"IMFC Statement by the Honorable Taro Aso, Deputy Prime Minister of Japan and Governor of the IMF for Japan",https://meetings.imf.org/-/media/AMSM/Files/IMFC/AM2015/jpn.pdf
2015,"IMFC Statement by Helen Clark, Administrator of the United Nations Development Programme, Chair of the United Nations Development Group, on behalf of the United Nations",https://meetings.imf.org/-/media/AMSM/Files/IMFC/AM2015/un.pdf
2015,IMFC Statement by the Hon Mathias Cormann,https://meetings.imf.org/-/media/AMSM/Files/IMFC/AM2015/aus.pdf
2015,"Statement by Mr. Godwin Emefiele, Governor of the Central Bank of Nigeria",https://meetings.imf.org/-/media/AMSM/Files/IMFC/AM2015/nga.pdf
2015,"Statement by the Honorable YI Gang, Alternate Governor, International Monetary Fund for China",https://meetings.imf.org/-/media/AMSM/Files/IMFC/AM2015/chn.pdf
2015,"IMFC Statement by Pierre Gramegna, Chairman, EU Council of Economic and Finance Ministers",https://meetings.imf.org/-/media/AMSM/Files/IMFC/AM2015/ecofin.pdf
2015,"IMFC Statement by Angel Gurría, Secretary-General, The Organisation for Economic Co-operation and Development",https://meetings.imf.org/-/media/AMSM/Files/IMFC/AM2015/oecd.pdf
2015,"IMFC Statement by Arun Jaitley, Minister of Finance, India",https://meetings.imf.org/-/media/AMSM/Files/IMFC/AM2015/ind.pdf
2015,"Statement by Axel Kicillof, Minister of Economy and Public Finance, Argentina",https://meetings.imf.org/-/media/AMSM/Files/IMFC/AM2015/arg.pdf
2015,"IMFC Statement by Mukhisa Kituyi, Secretary-General, United Nations Conference on Trade and Development (UNCTAD)",https://meetings.imf.org/-/media/AMSM/Files/IMFC/AM2015/unctad.pdf
2015,"IMFC Statement by Joaquim Levy, Minister of Finance, Brazil",https://meetings.imf.org/-/media/AMSM/Files/IMFC/AM2015/bra.pdf
2015,"IMFC Statement by Jacob J. Lew, Secretary of the Treasury, United States of America",https://meetings.imf.org/-/media/AMSM/Files/IMFC/AM2015/usa.pdf
2015,"IMFC Statement by Pierre Moscovici, Commissioner, European Commission",https://meetings.imf.org/-/media/AMSM/Files/IMFC/AM2015/ec.pdf
2015,"IMFC Statement by Joe Oliver Minister of Finance, Canada",https://meetings.imf.org/-/media/AMSM/Files/IMFC/AM2015/can.pdf
2015,"IMFC Statement by Mr. Øystein Olsen, Governor, Norges Bank",https://meetings.imf.org/-/media/AMSM/Files/IMFC/AM2015/nor.pdf
2015,"IMFC Statement by George Osborne, Chancellor of the Exchequer, H.M. Treasury United Kingdom",https://meetings.imf.org/-/media/AMSM/Files/IMFC/AM2015/gbr.pdf
2015,"IMFC Statement by Johan Van Overtveldt, Minister of Finance, Belgium",https://meetings.imf.org/-/media/AMSM/Files/IMFC/AM2015/bel.pdf
2015,"IMFC Statement by Pier Carlo Padoan, Minister of Economy and Finance, Italy",https://meetings.imf.org/-/media/AMSM/Files/IMFC/AM2015/ita.pdf
2015,"IMFC Statement by Olli Rehn, Vice-President, European Commission",https://meetings.imf.org/-/media/AMSM/Files/IMFC/AM2015/ecb.pdf
2015,"IMFC Statement by Guy Ryder, Director-General, International Labour Organization",https://meetings.imf.org/-/media/AMSM/Files/IMFC/AM2015/ilo.pdf
2015,"IMFC Statement by Michel Sapin, Minister of Finance and Public Accounts, France",https://meetings.imf.org/-/media/AMSM/Files/IMFC/AM2015/fra.pdf
2015,"IMFC Statement by Wolfgang Schäuble, Federal Minister of Finance, Germany",https://meetings.imf.org/-/media/AMSM/Files/IMFC/AM2015/deu.pdf
2015,IMFC Statement by Tharman Shanmugaratnam Deputy Prime Minister & Coordinating Minister for Economic and Social Policies,https://meetings.imf.org/-/media/AMSM/Files/IMFC/AM2015/sgp.pdf
2015,"IMFC Statement by Immongault Tatagani, Minister of Economy, Investments, Promotion and Prospective, Gabon",https://meetings.imf.org/-/media/AMSM/Files/IMFC/AM2015/gab.pdf
2015,"Statement by José Darío Uribe, Governor, Banco de la República, Colombia",https://meetings.imf.org/-/media/AMSM/Files/IMFC/AM2015/col.pdf
2015,"IMFC Statement by Eveline Widmer-Schlumpf, Minister of Finance, Switzerland",https://meetings.imf.org/-/media/AMSM/Files/IMFC/AM2015/che.pdf
2015,"IMFC Statement by Yi Xioazhun, Deputy Director-General World Trade Organization",https://meetings.imf.org/-/media/AMSM/Files/IMFC/AM2015/wto.pdf
2015,"IMFC Statement by Cevdet Yilmaz, Deputy Prime Minister for Economic and Financial Affairs, Turkey",https://meetings.imf.org/-/media/AMSM/Files/IMFC/AM2015/tur.pdf
2014,"IMFC Statement by Mr. Jacob J. Lew, Secretary of the Treasury, United States",https://meetings.imf.org/-/media/AMSM/Files/IMFC/AM2014/USA.pdf
2014,"IMFC Statement by His Excellency Minister Obaid Humaid Al Tayer, Minister of State for Financial Affairs, United Arab Emirates",https://meetings.imf.org/-/media/AMSM/Files/IMFC/AM2014/ARE.pdf
2014,"IMFC Statement by the Honorable Taro Aso, Deputy Prime Minister, Japan",https://meetings.imf.org/-/media/AMSM/Files/IMFC/AM2014/JPN.pdf
2014,"IMFC Statement by Mr. Roberto Azevêdo, Director-General, World Trade Organization (WTO)",https://meetings.imf.org/-/media/AMSM/Files/IMFC/AM2014/WTO.pdf
2014,"IMFC Statement by Mr. Mark Carney, Chairman of the Financial Stability Board",https://meetings.imf.org/-/media/AMSM/Files/IMFC/AM2014/FSB.pdf
2014,"IMFC Statement by Ms. Helen Clark, Administrator of the United Nations Development Programme and Chair of the United Nations Development Group",https://meetings.imf.org/-/media/AMSM/Files/IMFC/AM2014/UN.pdf
2014,"IMFC Statement by Mr. Jeroen Dijsselbloem, Minister of Finance, The Netherlands",https://meetings.imf.org/-/media/AMSM/Files/IMFC/AM2014/NLD.pdf
2014,"IMFC Statement by Mr. Mario Draghi, President, European Central Bank (ECB)",https://meetings.imf.org/-/media/AMSM/Files/IMFC/AM2014/ECB.pdf
2014,"IMFC Statement by H.E. Abdalla Salem El-Badri, Secretary General, Organization of the Petroleum Exporting Countries (OPEC)",https://meetings.imf.org/-/media/AMSM/Files/IMFC/AM2014/OPEC.pdf
2014,"IMFC Statement by Mr. Angel Gurría, Secretary-General, Organisation for Economic Co-operation and Development (OECD)",https://meetings.imf.org/-/media/AMSM/Files/IMFC/AM2014/OECD.pdf
2014,"IMFC Statement by Mr. Regis Immongault, Minister of Economy, Promotion of Investments, and Prospective, Gabon",https://meetings.imf.org/-/media/AMSM/Files/IMFC/AM2014/GAB.pdf
2014,"IMFC Statement by Mr. Jyrki Katainen, Vice-President, European Commission",https://meetings.imf.org/-/media/AMSM/Files/IMFC/AM2014/EC.pdf
2014,"IMFC Statement by the Honorable Axel Kicillof, Minister of Economy and Public Finance, Argentina",https://meetings.imf.org/-/media/AMSM/Files/IMFC/AM2014/ARG.pdf
2014,"IMFC Statement by the Hon. Mohammed Laksaci, Governor, Bank of Algeria",https://meetings.imf.org/-/media/AMSM/Files/IMFC/AM2014/DZA.pdf
2014,"IMFC Statement by Mr. Guido Mantega, Minister of Finance, Brazil",https://meetings.imf.org/-/media/AMSM/Files/IMFC/AM2014/BRA.pdf
2014,"IMFC Statement by the Honorable Ngozi Okonjo-Iweala, Coordinating Minister for the Economy and Minister of Finance, Nigeria",https://meetings.imf.org/-/media/AMSM/Files/IMFC/AM2014/NGA.pdf
2014,"IMFC Statement by the Honourable Joe Oliver, Minister of Finance, Canada",https://meetings.imf.org/-/media/AMSM/Files/IMFC/AM2014/CAN.pdf
2014,"IMFC Statement by Mr. George Osborne, Chancellor of the Exchequer, H.M. Treasury, United Kingdom",https://meetings.imf.org/-/media/AMSM/Files/IMFC/AM2014/GBR.pdf
2014,"IMFC Statement by Mr. Pier Carlo Padoan, Chairman, EU Council of Economic and Finance Ministers (ECOFIN)",https://meetings.imf.org/-/media/AMSM/Files/IMFC/AM2014/ECOFIN.pdf
2014,"IMFC Statement by Mr. Pier Carlo Padoan, Minister of Economy and Finance, Italy",https://meetings.imf.org/-/media/AMSM/Files/IMFC/AM2014/ITA.pdf
2014,"IMFC Statement by Dr. Raghuram Rajan, Alternate Governor, India",https://meetings.imf.org/-/media/AMSM/Files/IMFC/AM2014/IND.pdf
2014,"IMFC Statement by Mr. Antti Rinne, Minister of Finance, Finland",https://meetings.imf.org/-/media/AMSM/Files/IMFC/AM2014/FIN.pdf
2014,"IMFC Statement by Mr. Guy Ryder, Director-General, International Labour Organization (ILO)",https://meetings.imf.org/-/media/AMSM/Files/IMFC/AM2014/ILO.pdf
2014,"IMFC Statement by Mr. Michel Sapin, Minister of Finance and Public Accounts, France",https://meetings.imf.org/-/media/AMSM/Files/IMFC/AM2014/FRA.pdf
2014,"IMFC Statement by Mr. Wolfgang Schäuble, Minister of Finance, Federal Republic of Germany",https://meetings.imf.org/-/media/AMSM/Files/IMFC/AM2014/DEU.pdf
2014,"IMFC Statement by Hans Joerg Schelling, Minister of Finance, Austria",https://meetings.imf.org/-/media/AMSM/Files/IMFC/AM2014/AUT.pdf
2014,"IMFC Statement by Dr. Prasarn Trairatvorakul, Governor, Bank of Thailand",https://meetings.imf.org/-/media/AMSM/Files/IMFC/AM2014/THA.pdf
2014,"IMFC Statement by Ms. Eveline Widmer-Schlumpf, Minister of Finance, Switzerland",https://meetings.imf.org/-/media/AMSM/Files/IMFC/AM2014/CHE.pdf
2014,"IMFC Statement by the Honorable Zhou Xiaochuan, Governor, People’s Bank of China",https://meetings.imf.org/-/media/AMSM/Files/IMFC/AM2014/CHN.pdf
2013,"IMFC Statement by the Honorable Pravin J. Gordhan, Minister of Finance for South Africa",https://meetings.imf.org/-/media/AMSM/Files/IMFC/AM2013/ZAF.pdf
2013,"IMFC Statement by Jacob J. Lew, Secretary of the Treasury, United States of America (",https://meetings.imf.org/-/media/AMSM/Files/IMFC/AM2013/USA.pdf
2013,"IMFC Statement by the Honorable Taro Aso, Deputy Prime Minister of Japan",https://meetings.imf.org/-/media/AMSM/Files/IMFC/AM2013/JPN.pdf
2013,"IMFC Statement by Mark Carney, Chairman, Financial Stability Board",https://meetings.imf.org/-/media/AMSM/Files/IMFC/AM2013/FSB.pdf
2013,"IMFC Statement by P. Chidambaram, Minister of Finance, India",https://meetings.imf.org/-/media/AMSM/Files/IMFC/AM2013/IND.pdf
2013,"IMFC Statement by Helen Clark, Administrator of the United Nations Development Programme and Chair of the United Nations Development Group",https://meetings.imf.org/-/media/AMSM/Files/IMFC/AM2013/UN.pdf
2013,"IMFC Statement by Luis de Guindos, Minister of Finance and Competitiveness of Spain",https://meetings.imf.org/-/media/AMSM/Files/IMFC/AM2013/ESP.pdf
2013,"IMFC Statement by Mario Draghi, President of the European Central Bank",https://meetings.imf.org/-/media/AMSM/Files/IMFC/AM2013/ECB.pdf
2013,"IMFC Statement by Abdalla Salem El-Badri, Secretary General, Organization of the Petroleum Exporting Countries (OPEC)",https://meetings.imf.org/-/media/AMSM/Files/IMFC/AM2013/OPEC.pdf
2013,"IMFC Statement by the Honourable Jim Flaherty, Minister of Finance, Canada",https://meetings.imf.org/-/media/AMSM/Files/IMFC/AM2013/CAN.pdf
2013,"IMFC Statement by Yi Gang, Deputy Governor, People’s Republic of China",https://meetings.imf.org/-/media/AMSM/Files/IMFC/AM2013/CHN.pdf
2013,"IMFC Statement by Koen Geens, Minister of Finance, Belgium",https://meetings.imf.org/-/media/AMSM/Files/IMFC/AM2013/BEL.pdf
2013,"IMFC Statement by Angel Gurría, Secretary-General, OECD",https://meetings.imf.org/-/media/AMSM/Files/IMFC/AM2013/OECD.pdf
2013,"IMFC Statement by Mukhisa Kituyi, Secretary-General of UNCTAD",https://meetings.imf.org/-/media/AMSM/Files/IMFC/AM2013/UNCTAD.pdf
2013,"IMFC Statement by the Honorary Mohammed Laksaci, Governor, Bank of Algeria",https://meetings.imf.org/-/media/AMSM/Files/IMFC/AM2013/DZA.pdf
2013,"IMFC Statement by Honorable Hernán Lorenzino, Minister of Economy and Public Finance of Argentina",https://meetings.imf.org/-/media/AMSM/Files/IMFC/AM2013/ARG.pdf
2013,"IMFC Statement by Pierre Moscovici, Minister for the Economy and Finance, France",https://meetings.imf.org/-/media/AMSM/Files/IMFC/AM2013/FRA.pdf
2013,"IMFC Statement by Ewald Nowotny, Governor, Austrian National Bank",https://meetings.imf.org/-/media/AMSM/Files/IMFC/AM2013/AUT.pdf
2013,"IMFC Statement by George Osborne, Chancellor of the Exchequer, H.M. Treasury, United Kingdom",https://meetings.imf.org/-/media/AMSM/Files/IMFC/AM2013/GBR.pdf
2013,"IMFC Statement by Olli Rehn, Vice-President, European Commission",https://meetings.imf.org/-/media/AMSM/Files/IMFC/AM2013/EC.pdf
2013,"IMFC Statement by Guy Ryder, Director-General, International Labour Organization",https://meetings.imf.org/-/media/AMSM/Files/IMFC/AM2013/ILO.pdf
2013,"IMFC Statement by Fabrizio Saccomanni, Minister of Economy and Finance, Italy",https://meetings.imf.org/-/media/AMSM/Files/IMFC/AM2013/ITA.pdf
2013,"IMFC Statement by Rimantas Šadžius, Chairman, EU Council of Economic and Finance Ministers",https://meetings.imf.org/-/media/AMSM/Files/IMFC/AM2013/ECOFIN.pdf
2013,"IMFC Statement by Rimantas Šadžius, Minister of Finance, Lithuania",https://meetings.imf.org/-/media/AMSM/Files/IMFC/AM2013/LTU.pdf
2013,"IMFC Statement by Wolfgang Schäuble, Federal Minister of Finance, Bundesministerium der Finanzen, Germany",https://meetings.imf.org/-/media/AMSM/Files/IMFC/AM2013/DEU.pdf
2013,"IMFC Statement by the Honorable Alexandre Tombini, Governor, Central Bank of Brazil",https://meetings.imf.org/-/media/AMSM/Files/IMFC/AM2013/BRA.pdf
2013,"IMFC Statement by Eveline Widmer-Schlumpf, Minister of Finance, Switzerland",https://meetings.imf.org/-/media/AMSM/Files/IMFC/AM2013/CHE.pdf
2012,"IMFC Statement by Mohammed Laksaci, Governor, Bank of Algeria, Algeria",https://meetings.imf.org/-/media/AMSM/Files/IMFC/AM2012/dza.pdf
2012,"IMFC Statement by Obaid Humaid Al Tayer, Minister of State for Financial Affairs of the United Arab Emirates",https://meetings.imf.org/-/media/AMSM/Files/IMFC/AM2012/uae.pdf
2012,"IMFC Statement by Anders Borg, Minister of Finance, Sweden",https://meetings.imf.org/-/media/AMSM/Files/IMFC/AM2012/swe.pdf
2012,"IMFC Statement by Mark Carney, Governor, Financial Stability Board",https://meetings.imf.org/-/media/AMSM/Files/IMFC/AM2012/fsb.pdf
2012,"IMFC Statement by P. Chidambaram, Minister of Finance, India",https://meetings.imf.org/-/media/AMSM/Files/IMFC/AM2012/ind.pdf
2012,"IMFC Statement by Helen Clark, Administrator, United Nations",https://meetings.imf.org/-/media/AMSM/Files/IMFC/AM2012/un.pdf
2012,"IMFC Statement by James Michael Flaherty, Minister of Finance, Canada",https://meetings.imf.org/-/media/AMSM/Files/IMFC/AM2012/can.pdf
2012,"IMFC Statement by Yi Gang, Deputy Governor, People's Bank of China, China",https://meetings.imf.org/-/media/AMSM/Files/IMFC/AM2012/chn.pdf
2012,"IMFC Statement by Timothy F. Geithner, Secretary of the Treasury, United States",https://meetings.imf.org/-/media/AMSM/Files/IMFC/AM2012/usa.pdf
2012,"IMFC Statement by Pravin J. Gordhan, Minister of Finance, South Africa",https://meetings.imf.org/-/media/AMSM/Files/IMFC/SP2012/zaf.pdf
2012,"IMFC Statement by Vittorio Umberto Grilli, Ministry of Economy and Finance, Italy",https://meetings.imf.org/-/media/AMSM/Files/IMFC/AM2012/ita.pdf
2012,"IMFC Statement by Luis de Guindos, Governor for Spain",https://meetings.imf.org/-/media/AMSM/Files/IMFC/AM2012/esp.pdf
2012,"IMFC Statement by Angel Gurría, Secretary-General, Organisation for Economic Co-operation and Development",https://meetings.imf.org/-/media/AMSM/Files/IMFC/AM2012/oecd.pdf
2012,"IMFC Statement by Koriki Jojima, Minister of Finance, Japan",https://meetings.imf.org/-/media/AMSM/Files/IMFC/AM2012/jpn.pdf
2012,"IMFC Statement by Jan Kees de Jager, Minister of Finance, The Netherlands",https://meetings.imf.org/-/media/AMSM/Files/IMFC/AM2012/nld.pdf
2012,"IMFC Statement by Pascal Lamy, Director-General Office of the Director-General, World Trade Organization",https://meetings.imf.org/-/media/AMSM/Files/IMFC/AM2012/wto.pdf
2012,"IMFC Statement by Hernán Lorenzino, Minister of Economy and Public Finance, Argentina",https://meetings.imf.org/-/media/AMSM/Files/IMFC/AM2012/arg.pdf
2012,"IMFC Statement by Mr. Guido Mantega Minister of Finance, Brazil",https://meetings.imf.org/-/media/AMSM/Files/IMFC/AM2012/bra.pdf
2012,"IMFC Statement by Pierre Moscovici, Minister for the Economy and Finance, France",https://meetings.imf.org/-/media/AMSM/Files/IMFC/AM2012/fra.pdf
2012,"IMFC Statement by George Osborne, Chancellor of the Exchequer, United Kingdom",https://meetings.imf.org/-/media/AMSM/Files/IMFC/AM2012/gbr.pdf
2012,"IMFC Statement by Supachai Panitchpakdi, Secretary-General, United Nations Conference on Trade and Development",https://meetings.imf.org/-/media/AMSM/Files/IMFC/AM2012/unctad.pdf
2012,"IMFC Statement by Hasan M. Qabazard, Director, Organization of the Petroleum Exporting Countries",https://meetings.imf.org/-/media/AMSM/Files/IMFC/AM2012/opec.pdf
2012,"IMFC Statement by Olli Rehn, Vice-President, European Commission",https://meetings.imf.org/-/media/AMSM/Files/IMFC/AM2012/ec.pdf
2012,"IMFC Statement by Guy Ryder, Director-General, International Labour Organization",https://meetings.imf.org/-/media/AMSM/Files/IMFC/AM2012/ilo.pdf
2012,"IMFC Statement by Wolfgang Schäuble, Federal Minister of Finance, Bundesministerium der Finanzen, Germany",https://meetings.imf.org/-/media/AMSM/Files/IMFC/AM2012/deu.pdf
2012,"IMFC Statement by Vassos Shiarly, Chairman, EU Council of Economic and Finance Ministers",https://meetings.imf.org/-/media/AMSM/Files/IMFC/AM2012/eu.pdf
2012,"IMFC Statement by Wayne Swan, Deputy Prime Minister and Treasurer of Australia",https://meetings.imf.org/-/media/AMSM/Files/IMFC/AM2012/aus.pdf
2012,"IMFC Statement by Steven Vanackere Deputy Prime Minister and Minister of Finance, Belgium",https://meetings.imf.org/-/media/AMSM/Files/IMFC/AM2012/bel.pdf
2012,"IMFC Statement by Eveline Widmer-Schlumpf, Minister of Finance, Switzerland",https://meetings.imf.org/-/media/AMSM/Files/IMFC/AM2012/che.pdf
2011,"IMFC Statement by Jun Azumi, Minister of Finance, Ministry of Finance, Japan",https://www.imf.org/External/AM/2011/imfc/statement/eng/jpn.pdf
2011,"IMFC Statement by Nils Bernstein, Governor and Chairman of the Board of Governors, Danmarks Nationalbank, Denmark",https://www.imf.org/External/AM/2011/imfc/statement/eng/dnk.pdf
2011,"IMFC Statement by Helen Clark, Administrator, United Nations",https://www.imf.org/External/AM/2011/imfc/statement/eng/un.pdf
2011,"IMFC Statement by JosÃ© De Gregorio, President, Banco Central de Chile, Chile",https://www.imf.org/External/AM/2011/imfc/statement/eng/chl.pdf
2011,"IMFC Statement by Jan Kees de Jager, Minister of Finance, Ministry of Finance, The Netherlands",https://www.imf.org/External/AM/2011/imfc/statement/eng/nld.pdf
2011,"IMFC Statement by Mario, Draghi, Chairman, Financial Stability Board",https://www.imf.org/External/AM/2011/imfc/statement/eng/fsb.pdf
2011,"IMFC Statement by James Michael Flaherty, Minister of Finance, Department of Finance, Canada",https://www.imf.org/External/AM/2011/imfc/statement/eng/can.pdf
2011,"IMFC Statement by Timothy F. Geithner Secretary of the Treasury, Department of the Treasury, United States",https://www.imf.org/External/AM/2011/imfc/statement/eng/usa.pdf
2011,"IMFC Statement by Angel Gurria, Secretary-General, Organisation for Economic Co-operation and Development",https://www.imf.org/External/AM/2011/imfc/statement/eng/oecd.pdf
2011,"IMFC Statement by Hasan M. Qabazard, Director, Organization of the Petroleum Exporting Countries",https://www.imf.org/External/AM/2011/imfc/statement/eng/opec.pdf
2011,"IMFC Statement by Mr. Guido Mantega, Minister of Finance of Brazil",https://www.imf.org/External/AM/2011/imfc/statement/eng/bra.pdf
2011,"IMFC Statement by Ngozi Okonjo-Iweala, Coordinating Minister of the Economy and Minister of Finance, Federal Ministry of Finance, Nigeria",https://www.imf.org/External/AM/2011/imfc/statement/eng/nga.pdf
2011,"IMFC Statement by George Osborne, Chancellor of the Exchequer, H.M. Treasury, United Kingdom",https://www.imf.org/External/AM/2011/imfc/statement/eng/gbr.pdf
2011,"IMFC Statement by Olli Rehn, Commissioner, European Commission",https://www.imf.org/External/AM/2011/imfc/statement/eng/ec.pdf
2011,"IMFC Statement by Didier Reynders, Deputy Prime Minister and Minister of Finance, Ministere des Finances, Belgium",https://www.imf.org/External/AM/2011/imfc/statement/eng/bel.pdf
2011,"IMFC Statement by Mr. Rostowski, EU Council of Economic and Finance Ministers",https://www.imf.org/External/AM/2011/imfc/statement/eng/eu.pdf
2011,"IMFC Statement by Wolfgang SchÃ¤uble, Federal Minister of Finance, Bundesministerium der Finanzen, Germany",https://www.imf.org/External/AM/2011/imfc/statement/eng/deu.pdf
2011,"IMFC Statement by Juan Somavia, Director-General, International Labour Organization",https://www.imf.org/External/AM/2011/imfc/statement/eng/ilo.pdf
2011,"IMFC Statement by Giulio Tremonti, Minister of Economy and Finance, Ministero dell'Economia e delle Finanze, Italy",https://www.imf.org/External/AM/2011/imfc/statement/eng/ita.pdf
2011,"IMFC Statement by Eveline Widmer-Schlumpf, Head, Federal Department of Finance, Switzerland",https://www.imf.org/External/AM/2011/imfc/statement/eng/che.pdf
2010,"IMFC Statement by Obaid Humaid Al Tayer, Minister of State for Financial Affairs, Ministry of Finance, United Arab Emirates",https://www.imf.org/External/AM/2010/imfc/statement/eng/are.pdf
2010,"IMFC Statement by Helen Clark, United Nations",https://www.imf.org/External/AM/2010/imfc/statement/eng/un.pdf
2010,"IMFC Statement by JosÃ© De Gregorio, President, Banco Central de Chile",https://www.imf.org/External/AM/2010/imfc/statement/eng/chl.pdf
2010,"IMFC Statement by Mario Draghi, Chairman, Financial Stability Board",https://www.imf.org/External/AM/2010/imfc/statement/eng/fsb.pdf
2010,"IMFC Statement by Abdallah Salem El-Badri, Secretary-General, Organization of the Petroleum Exporting Countries",https://www.imf.org/External/AM/2010/imfc/statement/eng/opec.pdf
2010,"IMFC Statement by James Michael Flaherty, Minister of Finance, Department of Finance, Canada",https://www.imf.org/External/AM/2010/imfc/statement/eng/can.pdf
2010,"IMFC Statement by Timothy F. Geithner, Secretary of the Treasury, Department of the Treasury, United States",https://www.imf.org/External/AM/2010/imfc/statement/eng/usa.pdf
2010,"IMFC Statement by Angel Gurria, Secretary-General, Organisation for Economic Co-operation and Development",https://www.imf.org/External/AM/2010/imfc/statement/eng/oecd.pdf
2010,"IMFC Statement by Jan Kees de Jager, Minister of Finance, Ministry of Finance, Netherlands",https://www.imf.org/External/AM/2010/imfc/statement/eng/nld.pdf
2010,"IMFC Statement by Sigbjoern Johnsen, Minister of Finance, Ministry of Finance, Norway",https://www.imf.org/External/AM/2010/imfc/statement/eng/nor.pdf
2010,"IMFC Statement by Mohammed Laksaci, Governor, Banque dâAlgerie, Algeria",https://www.imf.org/External/AM/2010/imfc/statement/eng/dza.pdf
2010,"IMFC Statement by Guido Mantega, Minister of Finance, Ministerio da Fazenda, Brazil",https://www.imf.org/External/AM/2010/imfc/statement/eng/bra.pdf
2010,"IMFC Statement by Hans-Rudolf Merz, Minister of Finance, Federal Department of Finance, Switzerland",https://www.imf.org/External/AM/2010/imfc/statement/eng/che.pdf
2010,"IMFC Statement by Yoshihiko Noda, Minister of Finance, Ministry of Finance, Japan",https://www.imf.org/External/AM/2010/imfc/statement/eng/jpn.pdf
2010,"IMFC Statement by George Osborne, Chancellor of the Exchequer, Treasury, H.M., United Kingdom",https://www.imf.org/External/AM/2010/imfc/statement/eng/gbr.pdf
2010,"IMFC Statement by Supachai Panitchpakdi, Secretary-General, United Nations Conference on Trade and Development",https://www.imf.org/External/AM/2010/imfc/statement/eng/unctad.pdf
2010,"IMFC Statement by Olli Rehn, Commissioner, European Commission",https://www.imf.org/External/AM/2010/imfc/statement/eng/ec.pdf
2010,IMFC Statement by Didier Reynders Deputy Prime Minister and Minister of Finance of Belgium,https://www.imf.org/External/AM/2010/imfc/statement/eng/bel.pdf
2010,"IMFC Statement by Didier Reynders, Chairman of the EU Council of Economic and Finance Ministers",https://www.imf.org/External/AM/2010/imfc/statement/eng/eu.pdf
2010,"IMFC Statement by Wolfgang SchÃ¤uble, Minister of Finance, Bundesministerium der Finanzen, Germany",https://www.imf.org/External/AM/2010/imfc/statement/eng/deu.pdf
2010,"IMFC Statement by Juan Somavia, Director-General, International Labour Organization",https://www.imf.org/External/AM/2010/imfc/statement/eng/ilo.pdf
2010,"IMFC Statement by the Honorable Giulio Tremonti Minister of Economy and Finance, and Governor of the IMF for Italy",https://www.imf.org/External/AM/2010/imfc/statement/eng/ita.pdf
2010,IMFC Statement on behalf of the World Bank Group,https://www.imf.org/External/AM/2010/imfc/statement/eng/wb.pdf
2010,"IMFC Statement by Jeung-Hyun Yoon, Minister of Strategy and Finance, Ministry of Strategy and Finance, Republic of Korea",https://www.imf.org/External/AM/2010/imfc/statement/eng/kor.pdf
2010,"IMFC Statement by ZHOU Xiaochuan, Governor, People's Bank of China, China",https://www.imf.org/External/AM/2010/imfc/statement/eng/chn.pdf
2009,"IMFC Statement by Mr. Mohammad Alipour-Jeddi, Head, Petroleum Studies Department, on behalf of the Organization of Petroleum Exporting Countries (OPEC)",https://www.imf.org/External/AM/2009/imfc/statement/eng/opec.pdf
2009,"IMFC Statement Joaquin Almunia, Commissioner, European Commission",https://www.imf.org/External/AM/2009/imfc/statement/eng/ec.pdf
2009,"IMFC Statement by Anders Borg, Minister of Finance, Sweden",https://www.imf.org/External/AM/2009/imfc/statement/eng/swe.pdf
2009,"IMFC Statement by the Honorable Anders Borg, Chairman, EU Council of Economic and Finance Ministers",https://www.imf.org/External/AM/2009/imfc/statement/eng/eu.pdf
2009,"IMFC Statement by Wouter Bos, Dutch Ministry of Finance, the Netherlands",https://www.imf.org/External/AM/2009/imfc/statement/eng/nld.pdf
2009,IMFC Statement by the Honorable Amado Boudou Minister of Economy and Public Finance of Argentina,https://www.imf.org/External/AM/2009/imfc/statement/eng/arg.pdf
2009,"IMFC Statement of Mario Draghi, Chairman of the Financial Stability Board",https://www.imf.org/External/AM/2009/imfc/statement/eng/fsb.pdf
2009,"IMFC Statement by the Hon. James Michael Flaherty, Governor of the Bank and the Fund for Canada",https://www.imf.org/External/AM/2009/imfc/statement/eng/can.pdf
2009,"IMFC Statement by the Hon. Hirohisa Fujii, Minister of Finance, Japan",https://www.imf.org/External/AM/2009/imfc/statement/eng/jpn.pdf
2009,"IMFC Statement of Dr. Yi Gang, Deputy Governor of the People's Bank of China",https://www.imf.org/External/AM/2009/imfc/statement/eng/chn.pdf
2009,IMFC Statement by  Mr. Angel GurrÃ­a Secretary-General Organisation for Economic Co-operation and Development,https://www.imf.org/External/AM/2009/imfc/statement/eng/oecd.pdf
2009,"IMFC Statement by Ms. Christine Lagarde, Minister for the Economy, Industry and Employment, France",https://www.imf.org/External/AM/2009/imfc/statement/eng/fra.pdf
2009,FranÃ§ais,https://www.imf.org/External/AM/2009/imfc/statement/fra/fraf.pdf
2009,IMFC Statement by the Honourable Guido Mantega,https://www.imf.org/External/AM/2009/imfc/statement/eng/bra.pdf
2009,"Statement by the Honorable Hans-Rudolf Merz, Minister of Finance of Switzerland",https://www.imf.org/External/AM/2009/imfc/statement/eng/che.pdf
2009,"IMFC Statement by Mr. Pranab Mukherjee, Minister of Finance of India",https://www.imf.org/External/AM/2009/imfc/statement/eng/ind.pdf
2009,"IMFC Statement by Mr. Panitchpakdi, United Nations Conference on Trade (UNCTAD)",https://www.imf.org/External/AM/2009/imfc/statement/eng/unctad.pdf
2009,"Statement by Didier Reynders Deputy Prime Minister and Minister of Finance, MinistÃ¨re des Finances, Belgium",https://www.imf.org/External/AM/2009/imfc/statement/eng/bel.pdf
2009,"IMFC Statement by Mr. Somavia, International Labour Office",https://www.imf.org/External/AM/2009/imfc/statement/eng/ilo.pdf
2009,"Statement by Mr. Peer SteinbrÃ¼ck, Minister of Finance of the Federal Republic of Germany",https://www.imf.org/External/AM/2009/imfc/statement/eng/deu.pdf
2009,"Statement by Obaid Humaid Al Tayer, Minister of State for Financial Affairs, United Arab Emirates",https://www.imf.org/External/AM/2009/imfc/statement/eng/are.pdf
2009,"IMFC Statement by the Honorable Giulio Tremonti Minister of Economy and Finance, and Governor of the IMF for Italy",https://www.imf.org/External/AM/2009/imfc/statement/eng/ita.pdf
2009,IMFC Statement on behalf of the World Bank Group,https://www.imf.org/External/AM/2009/imfc/statement/eng/wb.pdf
2009,"IMFC Statement by Jeung-Hyun Yoon, Minister of Strategy and Finance of Korea,Rep.of",https://www.imf.org/External/AM/2009/imfc/statement/eng/kor.pdf
2008,"IMFC Statement by His Excellency Sultan N. Al-Suwaidi, Governor of the United Arab Emirates Central Bank",https://www.imf.org/External/AM/2008/imfc/statement/eng/are.pdf
2008,"IMFC Statement by Mr. Alipour-Jeddi, Organization of the Petroleum Exporting Countries",https://www.imf.org/External/AM/2008/imfc/statement/eng/opec.pdf
2008,"IMFC Statement by Mr. Almunia, European Commission",https://www.imf.org/External/AM/2008/imfc/statement/eng/ec.pdf
2008,IMFC Statement by Wouter Bos,https://www.imf.org/External/AM/2008/imfc/statement/eng/nld.pdf
2008,"IMFC Statement by Mr. Draghi, Follow-up Report on Implementation, Financial Stability Forum",https://www.imf.org/External/AM/2008/imfc/statement/eng/fsf.pdf
2008,"IMFC Statement by Carlos FernÃ¡ndez, Minister of Economy and Production, Argentina",https://www.imf.org/External/AM/2008/imfc/statement/eng/arg.pdf
2008,"IMFC Statement by Jim Flaherty, Minister of Finance, Canada",https://www.imf.org/External/AM/2008/imfc/statement/eng/can.pdf
2008,FranÃ§ais,https://www.imf.org/External/AM/2008/imfc/statement/fra/canf.pdf
2008,"IMFC Statement by Angel GurrÃ­a, Secretary-General, Organization for Economic Cooperation and Development (OECD)",https://www.imf.org/External/AM/2008/imfc/statement/eng/oecd.pdf
2008,"IMFC Statement by Stefan Ingves, Governor, Sveriges Riksbank",https://www.imf.org/External/AM/2008/imfc/statement/eng/swe.pdf
2008,"IMFC Statement by Minister of Finance Christine LAGARDE, in her capacity as Chairwoman of the EU Council of Economic and Finance Ministers",https://www.imf.org/External/AM/2008/imfc/statement/eng/eu.pdf
2008,"IMFC Statement by Guido Mantega, Minister of Finance of Brazil",https://www.imf.org/External/AM/2008/imfc/statement/eng/bra.pdf
2008,"IMFC Statement by the Honorable Tito Mboweni, Governor, South African Reserve Bank",https://www.imf.org/External/AM/2008/imfc/statement/eng/zaf.pdf
2008,"Statement by Shoichi Nakagawa, Minister of Finance, Japan",https://www.imf.org/External/AM/2008/imfc/statement/eng/jpn.pdf
2008,"IMFC Statement by Henry M. Paulson, Jr. Secretary of the Treasury, United States",https://www.imf.org/External/AM/2008/imfc/statement/eng/usa.pdf
2008,"IMFC Statement by Mr. Jean-Pierre Roth, Chairman of the Governing Board of the Swiss National Bank",https://www.imf.org/External/AM/2008/imfc/statement/eng/che.pdf
2008,"IMFC Statement by Mr. SHA ZUKANG, Under-Secretary-General, United Nations",https://www.imf.org/External/AM/2008/imfc/statement/eng/un.pdf
2008,"IMFC Statement by Mr. Somavia, International Labour Office",https://www.imf.org/External/AM/2008/imfc/statement/eng/ilo.pdf
2008,"IMFC Statement by Peer SteinbrÃ¼ck, Minister of Finance, Germany",https://www.imf.org/External/AM/2008/imfc/statement/eng/deu.pdf
2008,"IMFC Statement by Dominique Strauss-Kahn, Managing Director, IMF",https://www.imf.org/External/AM/2008/imfc/statement/eng/imf.pdf
2008,"IMFC Statement by Wayne Swan, Treasurer of the Commonwealth of Australia",https://www.imf.org/External/AM/2008/imfc/statement/eng/aus.pdf
2008,"IMFC Statement by the Honorable Giulio Tremonti, Minister of Economy and Finance, and Governor of the IMF for Italy",https://www.imf.org/External/AM/2008/imfc/statement/eng/ita.pdf
2008,IMFC Statement on behalf of the World Bank Group,https://www.imf.org/External/AM/2008/imfc/statement/eng/wb.pdf
2008,"IMFC Statement by YI GANG, Deputy Governor, People's Bank of China",https://www.imf.org/External/AM/2008/imfc/statement/eng/chn.pdf
2007,"IMFC Statement by Mohammad Alipour-Jeddi Head, Petroleum Market Analysis Department on behalf of the Organization of Petroleum Exporting Countries (OPEC)",https://www.imf.org/External/AM/2007/imfc/statement/eng/opec.pdf
2007,"IMFC Statement by Commissioner Joaquin Almunia, Commissioner, European Commission",https://www.imf.org/External/AM/2007/imfc/statement/eng/ec.pdf
2007,"IMFC Statement by Mr. Alistair Darling, Chancellor of the Exchequer, United Kingdom",https://www.imf.org/External/AM/2007/imfc/statement/eng/gbr.pdf
2007,"IMFC Statement by Mr. Teixeira dos Santos, Chairman of the EU Council of Economic and Finance Ministers",https://www.imf.org/External/AM/2007/imfc/statement/eng/eu.pdf
2007,"IMFC Statement by Mario Draghi, Chairman, Financial Stability Forum",https://www.imf.org/External/AM/2007/imfc/statement/eng/fsf.pdf
2007,"IMFC Statement by James Michael Flaherty, Minister of Finance, Canada",https://www.imf.org/External/AM/2007/imfc/statement/eng/can.pdf
2007,"IMFC Statement by Jyrki Katainen Minister of Finance, Finland",https://www.imf.org/External/AM/2007/imfc/statement/eng/fin.pdf
2007,"IMFC Statement by Ms. Christine Lagarde, Minister of Economy, Finance and Employment, France",https://www.imf.org/External/AM/2007/imfc/statement/eng/fra.pdf
2007,FranÃ§ais,https://www.imf.org/External/AM/2007/imfc/statement/fra/fraf.pdf
2007,"IMFC Statement by the Honorable Mohammed Laksaci, Governor of the Bank of Algeria",https://www.imf.org/External/AM/2007/imfc/statement/eng/dza.pdf
2007,"IMFC Statement by Guido Mantega, Minister of Finance, Brazil",https://www.imf.org/External/AM/2007/imfc/statement/eng/bra.pdf
2007,"IMFC Statement by Hans-Rudolf Merz, Minister of Finance, Switzerland",https://www.imf.org/External/AM/2007/imfc/statement/eng/che.pdf
2007,"IMFC Statement by Fukushiro Nukaga, Minister of Finance, Japan",https://www.imf.org/External/AM/2007/imfc/statement/eng/jpn.pdf
2007,"IMFC Statement by Tommaso Padoa-Schioppa, Minister of Economy and Finance, Italy",https://www.imf.org/External/AM/2007/imfc/statement/eng/ita.pdf
2007,"IMFC Statement by SUPACHAI Panitchpakdi, Secretary-General, UN Conference on Trade and Development",https://www.imf.org/External/AM/2007/imfc/statement/eng/unctad.pdf
2007,"IMFC Statement by Henry M. Paulson, Jr., Secretary of the Treasury, United States",https://www.imf.org/External/AM/2007/imfc/statement/eng/usa.pdf
2007,"IMFC Statement by Miguel Gustavo Peirano, Minister of Economy and Production, Argentina",https://www.imf.org/External/AM/2007/imfc/statement/eng/arg.pdf
2007,IMFC Statement by Mr. Rodrigo de Rato Managing Director of the International Monetary Fund,https://www.imf.org/External/AM/2007/imfc/statement/eng/imf.pdf
2007,"IMFC Statement by Mr. Didier Reynders, Deputy Prime Minister and Minister of Finance of Belgium",https://www.imf.org/External/AM/2007/imfc/statement/eng/bel.pdf
2007,"IMFC Statement by Mr. Sha Zukang, Under-Secretary-General, United Nations",https://www.imf.org/External/AM/2007/imfc/statement/eng/un.pdf
2007,"IMFC Statement by Juan Somavia, Director-General, International Labour Organization",https://www.imf.org/External/AM/2007/imfc/statement/eng/ilo.pdf
2007,"IMFC Statement by Peer SteinbrÃ¼ck, Minister of Finance, Germany",https://www.imf.org/External/AM/2007/imfc/statement/eng/deu.pdf
2007,"IMFC Statement by Shamsuddeen Usman, Minister of Finance, Nigeria",https://www.imf.org/External/AM/2007/imfc/statement/eng/nga.pdf
2007,"IMFC Statement by Madam Wu Xiaoling, Deputy Governor, People's Bank of China",https://www.imf.org/External/AM/2007/imfc/statement/eng/chn.pdf
2007,"IMFC Statement by Robert Zoellick, President, World Bank",https://www.imf.org/External/AM/2007/imfc/statement/eng/wb.pdf
2006,Statement by Mr. Alipour-Jeddi on behalf of the OPEC Secretariat,https://www.imf.org/External/AM/2006/imfc/statement/eng/opec.pdf
2006,IMFC Statement of Commissioner Joaquin Almunia on behalf of the European Commission,https://www.imf.org/External/AM/2006/imfc/statement/eng/ec.pdf
2006,"IMFC Statement by Thierry Breton, French Minister of Economy, Finance, and Industry",https://www.imf.org/External/AM/2006/imfc/statement/eng/fra.pdf
2006,"IMFC Statement by Mr. Gordon Brown, Chancellor of the Exchequer and United Kingdom Governor of the IMF",https://www.imf.org/External/AM/2006/imfc/statement/eng/gbr.pdf
2006,"IMFC Statement by the Honorable Palaniappan Chidambaram, Minister of Finance of India",https://www.imf.org/External/AM/2006/imfc/statement/eng/ind.pdf
2006,"IMFC Statement by Mario Draghi, Chairman of the Financial Stability Forum",https://www.imf.org/External/AM/2006/imfc/statement/eng/fsf.pdf
2006,"IMFC Statement by the Honourable Jim Flaherty, Minister of Finance for Canada",https://www.imf.org/External/AM/2006/imfc/statement/eng/can.pdf
2006,FranÃ§ais,https://www.imf.org/External/AM/2006/imfc/statement/fra/canf.pdf
2006,"IMFC Statement by the Honorable Toshihiko Fukui, Governor of the Bank of Japan, and Alternate Governor of the IMF for Japan",https://www.imf.org/External/AM/2006/imfc/statement/eng/jpn.pdf
2006,"Statement by Angel GurrÃ­a Secretary-General, Organisation for Economic Co-operation and  Development On behalf of the Organisation for Economic Co-operation and Development",https://www.imf.org/External/AM/2006/imfc/statement/eng/oecd.pdf
2006,"IMFC Statement by Eero HeinÃ¤luoma, Minister of Finance, Finland, In his capacity as Chairman of the EU Council of Economic and Finance Ministers",https://www.imf.org/External/AM/2006/imfc/statement/eng/eu.pdf
2006,"IMFC Statement by Mr. Eero HeinÃ¤luoma, Minister of Finance of Finland",https://www.imf.org/External/AM/2006/imfc/statement/eng/fin.pdf
2006,"IMFC Statement by the Hon. Okyu Kwon, Deputy Prime Minister and Minister of Finance and Economy of the Republic of Korea",https://www.imf.org/External/AM/2006/imfc/statement/eng/kor.pdf
2006,"IMFC Statement by Mr. Guido Mantega, Minister of Finance of Brazil",https://www.imf.org/External/AM/2006/imfc/statement/eng/bra.pdf
2006,"IMFC Statement by the Honorable Hans-Rudolf Merz, Minister of Finance of Switzerland",https://www.imf.org/External/AM/2006/imfc/statement/eng/che.pdf
2006,"IMFC Statement by Ms. Felisa Miceli, Minister of Economy and Production of Argentina",https://www.imf.org/External/AM/2006/imfc/statement/eng/arg.pdf
2006,"IMFC Statement by the Honorable Tommaso Padoa-Schioppa, Minister of Economy and Finance and Governor of the IMF for Italy",https://www.imf.org/External/AM/2006/imfc/statement/eng/ita.pdf
2006,"IMFC Statement by Henry M. Paulson, Secretary of the Treasury of the United States of America",https://www.imf.org/External/AM/2006/imfc/statement/eng/usa.pdf
2006,"IMFC Statement by IMF Managing Director, Rodrigo de Rato, on the Global Economy and Financial Markets",https://www.imf.org/External/AM/2006/imfc/statement/eng/imf.pdf
2006,"IMFC Statement by Mr. Didier Reynders, Deputy Prime Minister and Minister of Finance of Belgium",https://www.imf.org/External/AM/2006/imfc/statement/eng/bel.pdf
2006,"IMFC Statement by Mr. Peer SteinbrÃ¼ck, Minister of Finance of the Federal Republic of Germany",https://www.imf.org/External/AM/2006/imfc/statement/eng/deu.pdf
2006,"IMFC Statement by Hon. Nenadi E. Usman, Minister of Finance of Nigeria",https://www.imf.org/External/AM/2006/imfc/statement/eng/nga.pdf
2006,"IMFC Statement by Mr. ZHOU Xiaochuan, Governor of the People's Bank of China",https://www.imf.org/External/AM/2006/imfc/statement/eng/chn.pdf
2006,"IMFC Statement by Honorable Tan Sri Nor Mohamed Yakcop, Minister of Finance II, Malaysia",https://www.imf.org/External/AM/2006/imfc/statement/eng/mys.pdf
2006,"IMFC Statement by Gerrit Zalm, Minister of Finance of the Netherlands",https://www.imf.org/External/AM/2006/imfc/statement/eng/nld.pdf
2005,IMFC Statement by Commissioner Joaquin Almunia on behalf of the European Commission,https://www.imf.org/External/AM/2005/imfc/stmt/eng/ec.pdf
2005,"Statement by Mr. Gordon Brown, Chairman of the IMFC and Chancellor of the Exchequer United Kingdom",https://www.imf.org/External/AM/2005/imfc/stmt/eng/gbr.pdf
2005,"IMFC Statement by Honorable Finance Minister Mr.P.Chidambaram, Leader of the Indian Delegation",https://www.imf.org/External/AM/2005/imfc/stmt/eng/ind.pdf
2005,"IMFC Statement by Mr. Hans Eichel, Minister of Finance of Germany",https://www.imf.org/External/AM/2005/imfc/stmt/eng/deu.pdf
2005,"IMFC Joint Statement by Mr. NicolÃ¡s Eyzaguirre, Minister of Finance of Chile, and Mr. Vittorio Corbo, Governor of the Central Bank of Chile",https://www.imf.org/External/AM/2005/imfc/stmt/eng/chl.pdf
2005,"IMFC Statement by Roger W. Ferguson, Jr., Chairman of the Financial Stability Forum",https://www.imf.org/External/AM/2005/imfc/stmt/eng/fsf.pdf
2005,"IMFC Statement by Mr. Per-Kristian Foss, Minister of Finance of Norway",https://www.imf.org/External/AM/2005/imfc/stmt/eng/nor.pdf
2005,"IMFC Statement by the Honorable Toshihiko Fukui Governor of the Bank of Japan, and Alternate Governor of the IMF for Japan",https://www.imf.org/External/AM/2005/imfc/stmt/eng/jpn.pdf
2005,"IMFC Statement by the Honourable Ralph Goodale, Minister of Finance of Canada",https://www.imf.org/External/AM/2005/imfc/stmt/eng/can.pdf
2005,FranÃ§ais,https://www.imf.org/External/AM/2005/imfc/stmt/fra/canf.pdf
2005,"IMFC Statement by The Hon. Duck-Soo Han, Deputy Prime Minister and Minister of Finance and Economy of the Republic of Korea",https://www.imf.org/External/AM/2005/imfc/stmt/eng/kor.pdf
2005,"IMFC Statement by Mr. Donald J. Johnston, Secretary General Organisation for Economic Co-operation & Development",https://www.imf.org/External/AM/2005/imfc/stmt/eng/oecd.pdf
2005,"IMFC Statement by the Hon. Mohammed Laksaci, Governor of the Bank of Algeria",https://www.imf.org/External/AM/2005/imfc/stmt/eng/dza.pdf
2005,"IMFC Statement by Mr. Pascal Lamy, Director-General of the World Trade Organization",https://www.imf.org/External/AM/2005/imfc/stmt/eng/wto.pdf
2005,"IMFC Statement by H. E. Hans-Rudolf Merz, Minister of Finance of Switzerland",https://www.imf.org/External/AM/2005/imfc/stmt/eng/che.pdf
2005,"IMFC Statement by Mr. JosÃ© Antonio Ocampo, Under-Secretary-General for Economic and Social Affairs of the United Nations",https://www.imf.org/External/AM/2005/imfc/stmt/eng/un.pdf
2005,"IMFC Statement by Supachai Panitchpakdi, Secretary-General of UNCTAD, On behalf of the UN Conference on Trade and Development",https://www.imf.org/External/AM/2005/imfc/stmt/eng/unctad.pdf
2005,"IMFC Statement by Mr. Rodrigo de Rato, IMF Managing Director",https://www.imf.org/External/AM/2005/imfc/stmt/eng/imf.pdf
2005,EspaÃ±ol,https://www.imf.org/External/AM/2005/imfc/stmt/esl/imfs.pdf
2005,"IMFC Statement by Mr. Didier Reynders, Deputy Prime Minister and Minister of Finance of Belgium",https://www.imf.org/External/AM/2005/imfc/stmt/eng/bel.pdf
2005,"IMFC Statement by Adnan Shihab-Eldin, Acting Secretary-General, Organization of the Petroleum Exporting Countries",https://www.imf.org/External/AM/2005/imfc/stmt/eng/opec.pdf
2005,"IMFC Statement by Mr. John W. Snow, Secretary of the Treasury of the United States of America",https://www.imf.org/External/AM/2005/imfc/stmt/eng/usa.pdf
2005,"IMFC Statement by Mr. Juan Somavia, Director General, International Labour Office",https://www.imf.org/External/AM/2005/imfc/stmt/eng/ilo.pdf
2005,"IMFC Statement by Mr. Paul Wolfowitz, President of the World Bank",https://www.imf.org/External/AM/2005/imfc/stmt/eng/wb.pdf
2005,IMFC Statement by Zhou Xiaochuan Governor of People's Bank of China,https://www.imf.org/External/AM/2005/imfc/stmt/eng/chn.pdf
2005,"Statement by Mr. Gerrit Zalm, Minister of Finance, Netherlands",https://www.imf.org/External/AM/2005/imfc/stmt/eng/nld.pdf
2004,"Statement by the Managing Director, Rodrigo de Rato, to the International Monetary and Financial Committee on the Global Economy and Financial Markets",https://www.imf.org/External/AM/2004/imfc/statem/eng/imfe.pdf
2004,"IMFC Statement by His Excellency, Sultan Bin Nasser Al-Suwaidi, Governor of the United Arab Emirates Central Bank",https://www.imf.org/External/AM/2004/imfc/statem/eng/uaee.pdf
2004,"IMFC Statement by Rt. Hon. Gordon Brown, Chancellor of the Exchequer United Kingdom",https://www.imf.org/External/AM/2004/imfc/statem/eng/gbre.pdf
2004,"IMFC Statement by the Honorable Finance Minister, Shri P. Chidambaram, Leader of the Indian Delegation",https://www.imf.org/External/AM/2004/imfc/statem/eng/inde.pdf
2004,"Statement by The Hon. Peter Costello, Treasurer of Australia",https://www.imf.org/External/AM/2004/imfc/statem/eng/ause.pdf
2004,"IMFC Statement by Honorable M.R. Pridiyathorn Devakula, Governor of the Bank of Thailand",https://www.imf.org/External/AM/2004/imfc/statem/eng/thae.pdf
2004,"Statement by Mr. Hans Eichel, Minister of Finance of the Federal Republic of Germany to the International Monetary and Financial Committee",https://www.imf.org/External/AM/2004/imfc/statem/eng/deue.pdf
2004,"IMFC Statement by Mr. Roger W. Ferguson, Jr., Chairman of the Financial Stability Forum",https://www.imf.org/External/AM/2004/imfc/statem/eng/fsf.pdf
2004,"IMFC Statement by Mr. Per-Kristian Foss, Minister of Finance of Norway",https://www.imf.org/External/AM/2004/imfc/statem/eng/nore.pdf
2004,"IMFC Statement by the Honourable Ralph Goodale, Minister of Finance of Canada",https://www.imf.org/External/AM/2004/imfc/statem/eng/cane.pdf
2004,"IMFC Statement by Mr. Aleksei Kudrin, IMF Governor for the Russian Federation and Minister of Finance of the Russian Federation",https://www.imf.org/External/AM/2004/imfc/statem/eng/ruse.pdf
2004,"IMFC Statement by H. E. Hans-Rudolf Merz, Minister of Finance of Switzerland",https://www.imf.org/External/AM/2004/imfc/statem/eng/chee.pdf
2004,IMFC Statement by Mr. Didier Reynders Minister of Finance of Belgium,https://www.imf.org/External/AM/2004/imfc/statem/eng/bele.pdf
2004,IMFC Statement by the Honorable Domenico Siniscalco Minister of Economy and Finance and Governor of the IMF for Italy,https://www.imf.org/External/AM/2004/imfc/statem/eng/itae.pdf
2004,"IMFC Statement by the Honorable John W. Snow, Secretary of the Treasury of the United States of America",https://www.imf.org/External/AM/2004/imfc/statem/eng/usae.pdf
2004,IMFC Statement by H.E. Sadakazu Tanigaki Minister of Finance of Japan and Governor of the IMF for Japan,https://www.imf.org/External/AM/2004/imfc/statem/eng/jpne.pdf
2004,"IMFC Statement By James D. Wolfensohn, President of the World Bank",https://www.imf.org/External/AM/2004/imfc/statem/eng/wbe.pdf
2004,"Statement by Minister Gerrit Zalm, in his capacity as Chairman of the EU Council of Economic and Finance Ministers, to the IMFC Autumn 2004 meeting",https://www.imf.org/External/AM/2004/imfc/statem/eng/eue.pdf
